Local time,Open,High,Low,Close,Volume
03.07.2023 00:00:00.000 GMT+0530,1.09095,1.09095,1.09095,1.09095,0
03.07.2023 00:01:00.000 GMT+0530,1.09095,1.09095,1.09095,1.09095,0
03.07.2023 00:02:00.000 GMT+0530,1.09095,1.09095,1.09095,1.09095,0
03.07.2023 00:03:00.000 GMT+0530,1.09095,1.09095,1.09095,1.09095,0
03.07.2023 00:04:00.000 GMT+0530,1.09095,1.09095,1.09095,1.09095,0
03.07.2023 00:05:00.000 GMT+0530,1.09095,1.09095,1.09095,1.09095,0
03.07.2023 00:06:00.000 GMT+0530,1.09095,1.09095,1.09095,1.09095,0
03.07.2023 00:07:00.000 GMT+0530,1.09095,1.09095,1.09095,1.09095,0
03.07.2023 00:08:00.000 GMT+0530,1.09095,1.09095,1.09095,1.09095,0
03.07.2023 00:09:00.000 GMT+0530,1.09095,1.09095,1.09095,1.09095,0
03.07.2023 00:10:00.000 GMT+0530,1.09095,1.09095,1.09095,1.09095,0
03.07.2023 00:11:00.000 GMT+0530,1.09095,1.09095,1.09095,1.09095,0
03.07.2023 00:12:00.000 GMT+0530,1.09095,1.09095,1.09095,1.09095,0
03.07.2023 00:13:00.000 GMT+0530,1.09095,1.09095,1.09095,1.09095,0
03.07.2023 00:14:00.000 GMT+0530,1.09095,1.09095,1.09095,1.09095,0
03.07.2023 00:15:00.000 GMT+0530,1.09095,1.09095,1.09095,1.09095,0
03.07.2023 00:16:00.000 GMT+0530,1.09095,1.09095,1.09095,1.09095,0
03.07.2023 00:17:00.000 GMT+0530,1.09095,1.09095,1.09095,1.09095,0
03.07.2023 00:18:00.000 GMT+0530,1.09095,1.09095,1.09095,1.09095,0
03.07.2023 00:19:00.000 GMT+0530,1.09095,1.09095,1.09095,1.09095,0
03.07.2023 00:20:00.000 GMT+0530,1.09095,1.09095,1.09095,1.09095,0
03.07.2023 00:21:00.000 GMT+0530,1.09095,1.09095,1.09095,1.09095,0
03.07.2023 00:22:00.000 GMT+0530,1.09095,1.09095,1.09095,1.09095,0
03.07.2023 00:23:00.000 GMT+0530,1.09095,1.09095,1.09095,1.09095,0
03.07.2023 00:24:00.000 GMT+0530,1.09095,1.09095,1.09095,1.09095,0
03.07.2023 00:25:00.000 GMT+0530,1.09095,1.09095,1.09095,1.09095,0
03.07.2023 00:26:00.000 GMT+0530,1.09095,1.09095,1.09095,1.09095,0
03.07.2023 00:27:00.000 GMT+0530,1.09095,1.09095,1.09095,1.09095,0
03.07.2023 00:28:00.000 GMT+0530,1.09095,1.09095,1.09095,1.09095,0
03.07.2023 00:29:00.000 GMT+0530,1.09095,1.09095,1.09095,1.09095,0
03.07.2023 00:30:00.000 GMT+0530,1.09095,1.09095,1.09095,1.09095,0
03.07.2023 00:31:00.000 GMT+0530,1.09095,1.09095,1.09095,1.09095,0
03.07.2023 00:32:00.000 GMT+0530,1.09095,1.09095,1.09095,1.09095,0
03.07.2023 00:33:00.000 GMT+0530,1.09095,1.09095,1.09095,1.09095,0
03.07.2023 00:34:00.000 GMT+0530,1.09095,1.09095,1.09095,1.09095,0
03.07.2023 00:35:00.000 GMT+0530,1.09095,1.09095,1.09095,1.09095,0
03.07.2023 00:36:00.000 GMT+0530,1.09095,1.09095,1.09095,1.09095,0
03.07.2023 00:37:00.000 GMT+0530,1.09095,1.09095,1.09095,1.09095,0
03.07.2023 00:38:00.000 GMT+0530,1.09095,1.09095,1.09095,1.09095,0
03.07.2023 00:39:00.000 GMT+0530,1.09095,1.09095,1.09095,1.09095,0
03.07.2023 00:40:00.000 GMT+0530,1.09095,1.09095,1.09095,1.09095,0
03.07.2023 00:41:00.000 GMT+0530,1.09095,1.09095,1.09095,1.09095,0
03.07.2023 00:42:00.000 GMT+0530,1.09095,1.09095,1.09095,1.09095,0
03.07.2023 00:43:00.000 GMT+0530,1.09095,1.09095,1.09095,1.09095,0
03.07.2023 00:44:00.000 GMT+0530,1.09095,1.09095,1.09095,1.09095,0
03.07.2023 00:45:00.000 GMT+0530,1.09095,1.09095,1.09095,1.09095,0
03.07.2023 00:46:00.000 GMT+0530,1.09095,1.09095,1.09095,1.09095,0
03.07.2023 00:47:00.000 GMT+0530,1.09095,1.09095,1.09095,1.09095,0
03.07.2023 00:48:00.000 GMT+0530,1.09095,1.09095,1.09095,1.09095,0
03.07.2023 00:49:00.000 GMT+0530,1.09095,1.09095,1.09095,1.09095,0
03.07.2023 00:50:00.000 GMT+0530,1.09095,1.09095,1.09095,1.09095,0
03.07.2023 00:51:00.000 GMT+0530,1.09095,1.09095,1.09095,1.09095,0
03.07.2023 00:52:00.000 GMT+0530,1.09095,1.09095,1.09095,1.09095,0
03.07.2023 00:53:00.000 GMT+0530,1.09095,1.09095,1.09095,1.09095,0
03.07.2023 00:54:00.000 GMT+0530,1.09095,1.09095,1.09095,1.09095,0
03.07.2023 00:55:00.000 GMT+0530,1.09095,1.09095,1.09095,1.09095,0
03.07.2023 00:56:00.000 GMT+0530,1.09095,1.09095,1.09095,1.09095,0
03.07.2023 00:57:00.000 GMT+0530,1.09095,1.09095,1.09095,1.09095,0
03.07.2023 00:58:00.000 GMT+0530,1.09095,1.09095,1.09095,1.09095,0
03.07.2023 00:59:00.000 GMT+0530,1.09095,1.09095,1.09095,1.09095,0
03.07.2023 01:00:00.000 GMT+0530,1.09095,1.09095,1.09095,1.09095,0
03.07.2023 01:01:00.000 GMT+0530,1.09095,1.09095,1.09095,1.09095,0
03.07.2023 01:02:00.000 GMT+0530,1.09095,1.09095,1.09095,1.09095,0
03.07.2023 01:03:00.000 GMT+0530,1.09095,1.09095,1.09095,1.09095,0
03.07.2023 01:04:00.000 GMT+0530,1.09095,1.09095,1.09095,1.09095,0
03.07.2023 01:05:00.000 GMT+0530,1.09095,1.09095,1.09095,1.09095,0
03.07.2023 01:06:00.000 GMT+0530,1.09095,1.09095,1.09095,1.09095,0
03.07.2023 01:07:00.000 GMT+0530,1.09095,1.09095,1.09095,1.09095,0
03.07.2023 01:08:00.000 GMT+0530,1.09095,1.09095,1.09095,1.09095,0
03.07.2023 01:09:00.000 GMT+0530,1.09095,1.09095,1.09095,1.09095,0
03.07.2023 01:10:00.000 GMT+0530,1.09095,1.09095,1.09095,1.09095,0
03.07.2023 01:11:00.000 GMT+0530,1.09095,1.09095,1.09095,1.09095,0
03.07.2023 01:12:00.000 GMT+0530,1.09095,1.09095,1.09095,1.09095,0
03.07.2023 01:13:00.000 GMT+0530,1.09095,1.09095,1.09095,1.09095,0
03.07.2023 01:14:00.000 GMT+0530,1.09095,1.09095,1.09095,1.09095,0
03.07.2023 01:15:00.000 GMT+0530,1.09095,1.09095,1.09095,1.09095,0
03.07.2023 01:16:00.000 GMT+0530,1.09095,1.09095,1.09095,1.09095,0
03.07.2023 01:17:00.000 GMT+0530,1.09095,1.09095,1.09095,1.09095,0
03.07.2023 01:18:00.000 GMT+0530,1.09095,1.09095,1.09095,1.09095,0
03.07.2023 01:19:00.000 GMT+0530,1.09095,1.09095,1.09095,1.09095,0
03.07.2023 01:20:00.000 GMT+0530,1.09095,1.09095,1.09095,1.09095,0
03.07.2023 01:21:00.000 GMT+0530,1.09095,1.09095,1.09095,1.09095,0
03.07.2023 01:22:00.000 GMT+0530,1.09095,1.09095,1.09095,1.09095,0
03.07.2023 01:23:00.000 GMT+0530,1.09095,1.09095,1.09095,1.09095,0
03.07.2023 01:24:00.000 GMT+0530,1.09095,1.09095,1.09095,1.09095,0
03.07.2023 01:25:00.000 GMT+0530,1.09095,1.09095,1.09095,1.09095,0
03.07.2023 01:26:00.000 GMT+0530,1.09095,1.09095,1.09095,1.09095,0
03.07.2023 01:27:00.000 GMT+0530,1.09095,1.09095,1.09095,1.09095,0
03.07.2023 01:28:00.000 GMT+0530,1.09095,1.09095,1.09095,1.09095,0
03.07.2023 01:29:00.000 GMT+0530,1.09095,1.09095,1.09095,1.09095,0
03.07.2023 01:30:00.000 GMT+0530,1.09095,1.09095,1.09095,1.09095,0
03.07.2023 01:31:00.000 GMT+0530,1.09095,1.09095,1.09095,1.09095,0
03.07.2023 01:32:00.000 GMT+0530,1.09095,1.09095,1.09095,1.09095,0
03.07.2023 01:33:00.000 GMT+0530,1.09095,1.09095,1.09095,1.09095,0
03.07.2023 01:34:00.000 GMT+0530,1.09095,1.09095,1.09095,1.09095,0
03.07.2023 01:35:00.000 GMT+0530,1.09095,1.09095,1.09095,1.09095,0
03.07.2023 01:36:00.000 GMT+0530,1.09095,1.09095,1.09095,1.09095,0
03.07.2023 01:37:00.000 GMT+0530,1.09095,1.09095,1.09095,1.09095,0
03.07.2023 01:38:00.000 GMT+0530,1.09095,1.09095,1.09095,1.09095,0
03.07.2023 01:39:00.000 GMT+0530,1.09095,1.09095,1.09095,1.09095,0
03.07.2023 01:40:00.000 GMT+0530,1.09095,1.09095,1.09095,1.09095,0
03.07.2023 01:41:00.000 GMT+0530,1.09095,1.09095,1.09095,1.09095,0
03.07.2023 01:42:00.000 GMT+0530,1.09095,1.09095,1.09095,1.09095,0
03.07.2023 01:43:00.000 GMT+0530,1.09095,1.09095,1.09095,1.09095,0
03.07.2023 01:44:00.000 GMT+0530,1.09095,1.09095,1.09095,1.09095,0
03.07.2023 01:45:00.000 GMT+0530,1.09095,1.09095,1.09095,1.09095,0
03.07.2023 01:46:00.000 GMT+0530,1.09095,1.09095,1.09095,1.09095,0
03.07.2023 01:47:00.000 GMT+0530,1.09095,1.09095,1.09095,1.09095,0
03.07.2023 01:48:00.000 GMT+0530,1.09095,1.09095,1.09095,1.09095,0
03.07.2023 01:49:00.000 GMT+0530,1.09095,1.09095,1.09095,1.09095,0
03.07.2023 01:50:00.000 GMT+0530,1.09095,1.09095,1.09095,1.09095,0
03.07.2023 01:51:00.000 GMT+0530,1.09095,1.09095,1.09095,1.09095,0
03.07.2023 01:52:00.000 GMT+0530,1.09095,1.09095,1.09095,1.09095,0
03.07.2023 01:53:00.000 GMT+0530,1.09095,1.09095,1.09095,1.09095,0
03.07.2023 01:54:00.000 GMT+0530,1.09095,1.09095,1.09095,1.09095,0
03.07.2023 01:55:00.000 GMT+0530,1.09095,1.09095,1.09095,1.09095,0
03.07.2023 01:56:00.000 GMT+0530,1.09095,1.09095,1.09095,1.09095,0
03.07.2023 01:57:00.000 GMT+0530,1.09095,1.09095,1.09095,1.09095,0
03.07.2023 01:58:00.000 GMT+0530,1.09095,1.09095,1.09095,1.09095,0
03.07.2023 01:59:00.000 GMT+0530,1.09095,1.09095,1.09095,1.09095,0
03.07.2023 02:00:00.000 GMT+0530,1.09095,1.09095,1.09095,1.09095,0
03.07.2023 02:01:00.000 GMT+0530,1.09095,1.09095,1.09095,1.09095,0
03.07.2023 02:02:00.000 GMT+0530,1.09095,1.09095,1.09095,1.09095,0
03.07.2023 02:03:00.000 GMT+0530,1.09095,1.09095,1.09095,1.09095,0
03.07.2023 02:04:00.000 GMT+0530,1.09095,1.09095,1.09095,1.09095,0
03.07.2023 02:05:00.000 GMT+0530,1.09095,1.09095,1.09095,1.09095,0
03.07.2023 02:06:00.000 GMT+0530,1.09095,1.09095,1.09095,1.09095,0
03.07.2023 02:07:00.000 GMT+0530,1.09095,1.09095,1.09095,1.09095,0
03.07.2023 02:08:00.000 GMT+0530,1.09095,1.09095,1.09095,1.09095,0
03.07.2023 02:09:00.000 GMT+0530,1.09095,1.09095,1.09095,1.09095,0
03.07.2023 02:10:00.000 GMT+0530,1.09095,1.09095,1.09095,1.09095,0
03.07.2023 02:11:00.000 GMT+0530,1.09095,1.09095,1.09095,1.09095,0
03.07.2023 02:12:00.000 GMT+0530,1.09095,1.09095,1.09095,1.09095,0
03.07.2023 02:13:00.000 GMT+0530,1.09095,1.09095,1.09095,1.09095,0
03.07.2023 02:14:00.000 GMT+0530,1.09095,1.09095,1.09095,1.09095,0
03.07.2023 02:15:00.000 GMT+0530,1.09095,1.09095,1.09095,1.09095,0
03.07.2023 02:16:00.000 GMT+0530,1.09095,1.09095,1.09095,1.09095,0
03.07.2023 02:17:00.000 GMT+0530,1.09095,1.09095,1.09095,1.09095,0
03.07.2023 02:18:00.000 GMT+0530,1.09095,1.09095,1.09095,1.09095,0
03.07.2023 02:19:00.000 GMT+0530,1.09095,1.09095,1.09095,1.09095,0
03.07.2023 02:20:00.000 GMT+0530,1.09095,1.09095,1.09095,1.09095,0
03.07.2023 02:21:00.000 GMT+0530,1.09095,1.09095,1.09095,1.09095,0
03.07.2023 02:22:00.000 GMT+0530,1.09095,1.09095,1.09095,1.09095,0
03.07.2023 02:23:00.000 GMT+0530,1.09095,1.09095,1.09095,1.09095,0
03.07.2023 02:24:00.000 GMT+0530,1.09095,1.09095,1.09095,1.09095,0
03.07.2023 02:25:00.000 GMT+0530,1.09095,1.09095,1.09095,1.09095,0
03.07.2023 02:26:00.000 GMT+0530,1.09095,1.09095,1.09095,1.09095,0
03.07.2023 02:27:00.000 GMT+0530,1.09095,1.09095,1.09095,1.09095,0
03.07.2023 02:28:00.000 GMT+0530,1.09095,1.09095,1.09095,1.09095,0
03.07.2023 02:29:00.000 GMT+0530,1.09095,1.09095,1.09095,1.09095,0
03.07.2023 02:30:00.000 GMT+0530,1.09094,1.09094,1.09074,1.09089,3.25
03.07.2023 02:31:00.000 GMT+0530,1.09089,1.09089,1.09089,1.09089,26
03.07.2023 02:32:00.000 GMT+0530,1.09089,1.09094,1.09089,1.09089,25.2
03.07.2023 02:33:00.000 GMT+0530,1.09089,1.09094,1.09089,1.09094,5.8
03.07.2023 02:34:00.000 GMT+0530,1.09096,1.09096,1.09096,1.09096,0.9
03.07.2023 02:35:00.000 GMT+0530,1.09100,1.09100,1.09099,1.09099,4.5
03.07.2023 02:36:00.000 GMT+0530,1.09099,1.09099,1.09099,1.09099,0.9
03.07.2023 02:37:00.000 GMT+0530,1.09099,1.09099,1.09099,1.09099,0.9
03.07.2023 02:38:00.000 GMT+0530,1.09101,1.09101,1.09101,1.09101,2.7
03.07.2023 02:39:00.000 GMT+0530,1.09101,1.09110,1.09101,1.09109,3.6
03.07.2023 02:40:00.000 GMT+0530,1.09109,1.09110,1.09109,1.09109,8.1
03.07.2023 02:41:00.000 GMT+0530,1.09109,1.09114,1.09109,1.09114,4.5
03.07.2023 02:42:00.000 GMT+0530,1.09114,1.09114,1.09114,1.09114,4.5
03.07.2023 02:43:00.000 GMT+0530,1.09114,1.09114,1.09114,1.09114,0
03.07.2023 02:44:00.000 GMT+0530,1.09112,1.09112,1.09111,1.09112,6.07
03.07.2023 02:45:00.000 GMT+0530,1.09112,1.09113,1.09106,1.09109,13.05
03.07.2023 02:46:00.000 GMT+0530,1.09110,1.09110,1.09109,1.09110,6.3
03.07.2023 02:47:00.000 GMT+0530,1.09109,1.09112,1.09107,1.09112,6.3
03.07.2023 02:48:00.000 GMT+0530,1.09112,1.09112,1.09112,1.09112,0
03.07.2023 02:49:00.000 GMT+0530,1.09112,1.09112,1.09112,1.09112,0
03.07.2023 02:50:00.000 GMT+0530,1.09112,1.09112,1.09089,1.09089,11.5
03.07.2023 02:51:00.000 GMT+0530,1.09089,1.09089,1.09089,1.09089,0
03.07.2023 02:52:00.000 GMT+0530,1.09089,1.09089,1.09089,1.09089,0
03.07.2023 02:53:00.000 GMT+0530,1.09089,1.09089,1.09089,1.09089,0
03.07.2023 02:54:00.000 GMT+0530,1.09089,1.09089,1.09089,1.09089,1
03.07.2023 02:55:00.000 GMT+0530,1.09089,1.09089,1.09089,1.09089,1
03.07.2023 02:56:00.000 GMT+0530,1.09089,1.09089,1.09089,1.09089,0
03.07.2023 02:57:00.000 GMT+0530,1.09089,1.09089,1.09089,1.09089,0
03.07.2023 02:58:00.000 GMT+0530,1.09089,1.09089,1.09089,1.09089,0
03.07.2023 02:59:00.000 GMT+0530,1.09089,1.09089,1.09089,1.09089,5.94
03.07.2023 03:00:00.000 GMT+0530,1.09089,1.09089,1.09089,1.09089,0
03.07.2023 03:01:00.000 GMT+0530,1.09089,1.09089,1.09089,1.09089,0
03.07.2023 03:02:00.000 GMT+0530,1.09089,1.09089,1.09089,1.09089,0
03.07.2023 03:03:00.000 GMT+0530,1.09089,1.09089,1.09089,1.09089,0
03.07.2023 03:04:00.000 GMT+0530,1.09089,1.09089,1.09089,1.09089,0
03.07.2023 03:05:00.000 GMT+0530,1.09089,1.09089,1.09089,1.09089,0
03.07.2023 03:06:00.000 GMT+0530,1.09089,1.09089,1.09089,1.09089,1.96
03.07.2023 03:07:00.000 GMT+0530,1.09089,1.09089,1.09089,1.09089,0.98
03.07.2023 03:08:00.000 GMT+0530,1.09089,1.09089,1.09089,1.09089,0
03.07.2023 03:09:00.000 GMT+0530,1.09089,1.09089,1.09089,1.09089,0
03.07.2023 03:10:00.000 GMT+0530,1.09089,1.09089,1.09089,1.09089,0
03.07.2023 03:11:00.000 GMT+0530,1.09089,1.09089,1.09089,1.09089,0.98
03.07.2023 03:12:00.000 GMT+0530,1.09089,1.09089,1.09089,1.09089,10.78
03.07.2023 03:13:00.000 GMT+0530,1.09089,1.09089,1.09089,1.09089,6.86
03.07.2023 03:14:00.000 GMT+0530,1.09089,1.09089,1.09089,1.09089,4.9
03.07.2023 03:15:00.000 GMT+0530,1.09089,1.09089,1.09089,1.09089,4.9
03.07.2023 03:16:00.000 GMT+0530,1.09089,1.09089,1.09089,1.09089,3.92
03.07.2023 03:17:00.000 GMT+0530,1.09089,1.09089,1.09089,1.09089,2.94
03.07.2023 03:18:00.000 GMT+0530,1.09089,1.09089,1.09089,1.09089,1.96
03.07.2023 03:19:00.000 GMT+0530,1.09089,1.09089,1.09089,1.09089,1.96
03.07.2023 03:20:00.000 GMT+0530,1.09089,1.09089,1.09089,1.09089,0.98
03.07.2023 03:21:00.000 GMT+0530,1.09089,1.09089,1.09089,1.09089,1.96
03.07.2023 03:22:00.000 GMT+0530,1.09089,1.09089,1.09089,1.09089,1.96
03.07.2023 03:23:00.000 GMT+0530,1.09089,1.09089,1.09089,1.09089,0.98
03.07.2023 03:24:00.000 GMT+0530,1.09089,1.09089,1.09089,1.09089,3.92
03.07.2023 03:25:00.000 GMT+0530,1.09089,1.09089,1.09089,1.09089,0.98
03.07.2023 03:26:00.000 GMT+0530,1.09089,1.09089,1.09089,1.09089,0.98
03.07.2023 03:27:00.000 GMT+0530,1.09089,1.09089,1.09089,1.09089,0.98
03.07.2023 03:28:00.000 GMT+0530,1.09089,1.09089,1.09089,1.09089,1.96
03.07.2023 03:29:00.000 GMT+0530,1.09089,1.09089,1.09089,1.09089,1.96
03.07.2023 03:30:00.000 GMT+0530,1.09089,1.09089,1.09089,1.09089,10.78
03.07.2023 03:31:00.000 GMT+0530,1.09084,1.09099,1.09084,1.09099,63.97
03.07.2023 03:32:00.000 GMT+0530,1.09101,1.09109,1.09099,1.09103,58.5
03.07.2023 03:33:00.000 GMT+0530,1.09108,1.09124,1.09103,1.09106,124.2
03.07.2023 03:34:00.000 GMT+0530,1.09106,1.09108,1.09101,1.09108,77.4
03.07.2023 03:35:00.000 GMT+0530,1.09107,1.09108,1.09106,1.09106,21.6
03.07.2023 03:36:00.000 GMT+0530,1.09104,1.09108,1.09104,1.09108,32.4
03.07.2023 03:37:00.000 GMT+0530,1.09104,1.09108,1.09103,1.09108,22.95
03.07.2023 03:38:00.000 GMT+0530,1.09104,1.09105,1.09104,1.09104,20.25
03.07.2023 03:39:00.000 GMT+0530,1.09105,1.09108,1.09104,1.09108,45
03.07.2023 03:40:00.000 GMT+0530,1.09103,1.09103,1.09095,1.09102,88.65
03.07.2023 03:41:00.000 GMT+0530,1.09103,1.09104,1.09097,1.09102,72
03.07.2023 03:42:00.000 GMT+0530,1.09103,1.09108,1.09103,1.09108,69.3
03.07.2023 03:43:00.000 GMT+0530,1.09108,1.09112,1.09107,1.09112,32.4
03.07.2023 03:44:00.000 GMT+0530,1.09122,1.09127,1.09114,1.09122,126.9
03.07.2023 03:45:00.000 GMT+0530,1.09124,1.09128,1.09121,1.09124,62.51
03.07.2023 03:46:00.000 GMT+0530,1.09124,1.09126,1.09119,1.09120,117.3
03.07.2023 03:47:00.000 GMT+0530,1.09121,1.09124,1.09118,1.09121,80.3
03.07.2023 03:48:00.000 GMT+0530,1.09121,1.09121,1.09118,1.09119,16.11
03.07.2023 03:49:00.000 GMT+0530,1.09120,1.09121,1.09119,1.09120,18
03.07.2023 03:50:00.000 GMT+0530,1.09120,1.09130,1.09120,1.09122,43.84
03.07.2023 03:51:00.000 GMT+0530,1.09121,1.09122,1.09117,1.09119,57.06
03.07.2023 03:52:00.000 GMT+0530,1.09121,1.09126,1.09118,1.09118,41.38
03.07.2023 03:53:00.000 GMT+0530,1.09117,1.09117,1.09111,1.09112,32.59
03.07.2023 03:54:00.000 GMT+0530,1.09114,1.09119,1.09111,1.09117,53.55
03.07.2023 03:55:00.000 GMT+0530,1.09116,1.09117,1.09113,1.09117,35.86
03.07.2023 03:56:00.000 GMT+0530,1.09116,1.09116,1.09108,1.09109,32.4
03.07.2023 03:57:00.000 GMT+0530,1.09108,1.09114,1.09107,1.09114,28.99
03.07.2023 03:58:00.000 GMT+0530,1.09112,1.09114,1.09112,1.09112,14.78
03.07.2023 03:59:00.000 GMT+0530,1.09112,1.09112,1.09110,1.09110,7.2
03.07.2023 04:00:00.000 GMT+0530,1.09111,1.09115,1.09110,1.09114,34.32
03.07.2023 04:01:00.000 GMT+0530,1.09115,1.09116,1.09111,1.09111,86.85
03.07.2023 04:02:00.000 GMT+0530,1.09111,1.09118,1.09111,1.09114,67.75
03.07.2023 04:03:00.000 GMT+0530,1.09114,1.09119,1.09113,1.09116,97.65
03.07.2023 04:04:00.000 GMT+0530,1.09115,1.09118,1.09114,1.09114,105.45
03.07.2023 04:05:00.000 GMT+0530,1.09113,1.09114,1.09112,1.09112,25.2
03.07.2023 04:06:00.000 GMT+0530,1.09112,1.09114,1.09090,1.09092,168.97
03.07.2023 04:07:00.000 GMT+0530,1.09091,1.09094,1.09088,1.09093,74.91
03.07.2023 04:08:00.000 GMT+0530,1.09095,1.09096,1.09093,1.09093,33.05
03.07.2023 04:09:00.000 GMT+0530,1.09093,1.09097,1.09093,1.09097,64.53
03.07.2023 04:10:00.000 GMT+0530,1.09097,1.09098,1.09089,1.09091,88.84
03.07.2023 04:11:00.000 GMT+0530,1.09091,1.09095,1.09088,1.09095,110.7
03.07.2023 04:12:00.000 GMT+0530,1.09094,1.09095,1.09093,1.09093,56.7
03.07.2023 04:13:00.000 GMT+0530,1.09094,1.09096,1.09089,1.09094,276.3
03.07.2023 04:14:00.000 GMT+0530,1.09095,1.09099,1.09090,1.09099,57.15
03.07.2023 04:15:00.000 GMT+0530,1.09093,1.09093,1.09089,1.09089,45
03.07.2023 04:16:00.000 GMT+0530,1.09089,1.09089,1.09086,1.09088,51.75
03.07.2023 04:17:00.000 GMT+0530,1.09089,1.09089,1.09088,1.09089,40.5
03.07.2023 04:18:00.000 GMT+0530,1.09091,1.09092,1.09089,1.09089,35.1
03.07.2023 04:19:00.000 GMT+0530,1.09090,1.09094,1.09089,1.09090,34.2
03.07.2023 04:20:00.000 GMT+0530,1.09089,1.09092,1.09089,1.09092,5.4
03.07.2023 04:21:00.000 GMT+0530,1.09096,1.09096,1.09093,1.09094,45.9
03.07.2023 04:22:00.000 GMT+0530,1.09096,1.09097,1.09095,1.09096,53.1
03.07.2023 04:23:00.000 GMT+0530,1.09097,1.09100,1.09092,1.09100,71.55
03.07.2023 04:24:00.000 GMT+0530,1.09100,1.09100,1.09097,1.09097,17.1
03.07.2023 04:25:00.000 GMT+0530,1.09097,1.09097,1.09093,1.09096,63.45
03.07.2023 04:26:00.000 GMT+0530,1.09096,1.09098,1.09096,1.09097,45
03.07.2023 04:27:00.000 GMT+0530,1.09096,1.09097,1.09090,1.09092,57.6
03.07.2023 04:28:00.000 GMT+0530,1.09092,1.09095,1.09085,1.09085,104.49
03.07.2023 04:29:00.000 GMT+0530,1.09086,1.09097,1.09085,1.09092,46.11
03.07.2023 04:30:00.000 GMT+0530,1.09092,1.09097,1.09091,1.09091,104.61
03.07.2023 04:31:00.000 GMT+0530,1.09091,1.09096,1.09088,1.09089,28.32
03.07.2023 04:32:00.000 GMT+0530,1.09092,1.09092,1.09083,1.09092,118.14
03.07.2023 04:33:00.000 GMT+0530,1.09092,1.09092,1.09082,1.09082,143.26
03.07.2023 04:34:00.000 GMT+0530,1.09082,1.09089,1.09081,1.09082,75.58
03.07.2023 04:35:00.000 GMT+0530,1.09081,1.09090,1.09081,1.09090,62.1
03.07.2023 04:36:00.000 GMT+0530,1.09091,1.09095,1.09086,1.09091,100.57
03.07.2023 04:37:00.000 GMT+0530,1.09095,1.09096,1.09093,1.09095,28.8
03.07.2023 04:38:00.000 GMT+0530,1.09093,1.09094,1.09093,1.09094,14.4
03.07.2023 04:39:00.000 GMT+0530,1.09096,1.09097,1.09090,1.09096,63.54
03.07.2023 04:40:00.000 GMT+0530,1.09097,1.09099,1.09090,1.09092,81.63
03.07.2023 04:41:00.000 GMT+0530,1.09097,1.09097,1.09092,1.09093,38.34
03.07.2023 04:42:00.000 GMT+0530,1.09092,1.09099,1.09092,1.09092,126.76
03.07.2023 04:43:00.000 GMT+0530,1.09093,1.09097,1.09085,1.09091,123.07
03.07.2023 04:44:00.000 GMT+0530,1.09091,1.09092,1.09087,1.09090,54
03.07.2023 04:45:00.000 GMT+0530,1.09088,1.09088,1.09087,1.09087,10.8
03.07.2023 04:46:00.000 GMT+0530,1.09085,1.09092,1.09081,1.09088,63.22
03.07.2023 04:47:00.000 GMT+0530,1.09086,1.09086,1.09085,1.09085,15.29
03.07.2023 04:48:00.000 GMT+0530,1.09086,1.09088,1.09086,1.09088,15.3
03.07.2023 04:49:00.000 GMT+0530,1.09087,1.09089,1.09087,1.09089,11.7
03.07.2023 04:50:00.000 GMT+0530,1.09088,1.09090,1.09088,1.09089,32.17
03.07.2023 04:51:00.000 GMT+0530,1.09089,1.09089,1.09089,1.09089,6.3
03.07.2023 04:52:00.000 GMT+0530,1.09089,1.09090,1.09087,1.09087,18.9
03.07.2023 04:53:00.000 GMT+0530,1.09088,1.09088,1.09087,1.09087,49.5
03.07.2023 04:54:00.000 GMT+0530,1.09087,1.09088,1.09087,1.09088,52.2
03.07.2023 04:55:00.000 GMT+0530,1.09088,1.09088,1.09083,1.09083,44.32
03.07.2023 04:56:00.000 GMT+0530,1.09084,1.09088,1.09083,1.09088,10.8
03.07.2023 04:57:00.000 GMT+0530,1.09088,1.09090,1.09088,1.09088,10.8
03.07.2023 04:58:00.000 GMT+0530,1.09087,1.09087,1.09081,1.09081,51.29
03.07.2023 04:59:00.000 GMT+0530,1.09083,1.09083,1.09081,1.09083,30.6
03.07.2023 05:00:00.000 GMT+0530,1.09082,1.09083,1.09072,1.09075,83.24
03.07.2023 05:01:00.000 GMT+0530,1.09072,1.09075,1.09067,1.09069,59.61
03.07.2023 05:02:00.000 GMT+0530,1.09068,1.09070,1.09067,1.09068,73.8
03.07.2023 05:03:00.000 GMT+0530,1.09066,1.09072,1.09065,1.09072,104.4
03.07.2023 05:04:00.000 GMT+0530,1.09072,1.09073,1.09072,1.09072,24.3
03.07.2023 05:05:00.000 GMT+0530,1.09074,1.09076,1.09072,1.09076,47.7
03.07.2023 05:06:00.000 GMT+0530,1.09076,1.09077,1.09075,1.09075,23.4
03.07.2023 05:07:00.000 GMT+0530,1.09075,1.09077,1.09075,1.09076,77.4
03.07.2023 05:08:00.000 GMT+0530,1.09075,1.09079,1.09071,1.09071,130.93
03.07.2023 05:09:00.000 GMT+0530,1.09073,1.09077,1.09071,1.09073,121.5
03.07.2023 05:10:00.000 GMT+0530,1.09073,1.09076,1.09073,1.09076,51.3
03.07.2023 05:11:00.000 GMT+0530,1.09075,1.09076,1.09073,1.09073,40.5
03.07.2023 05:12:00.000 GMT+0530,1.09075,1.09077,1.09073,1.09077,65.7
03.07.2023 05:13:00.000 GMT+0530,1.09076,1.09077,1.09073,1.09073,32.4
03.07.2023 05:14:00.000 GMT+0530,1.09075,1.09083,1.09075,1.09082,64.8
03.07.2023 05:15:00.000 GMT+0530,1.09082,1.09086,1.09079,1.09086,202.5
03.07.2023 05:16:00.000 GMT+0530,1.09086,1.09092,1.09086,1.09088,156.15
03.07.2023 05:17:00.000 GMT+0530,1.09089,1.09092,1.09087,1.09088,188.1
03.07.2023 05:18:00.000 GMT+0530,1.09089,1.09101,1.09088,1.09098,165.51
03.07.2023 05:19:00.000 GMT+0530,1.09095,1.09102,1.09092,1.09097,210.93
03.07.2023 05:20:00.000 GMT+0530,1.09094,1.09097,1.09089,1.09089,112.05
03.07.2023 05:21:00.000 GMT+0530,1.09088,1.09088,1.09079,1.09081,105.3
03.07.2023 05:22:00.000 GMT+0530,1.09081,1.09081,1.09079,1.09080,60.3
03.07.2023 05:23:00.000 GMT+0530,1.09080,1.09080,1.09069,1.09073,256.5
03.07.2023 05:24:00.000 GMT+0530,1.09072,1.09074,1.09067,1.09073,195.75
03.07.2023 05:25:00.000 GMT+0530,1.09072,1.09077,1.09071,1.09073,189.9
03.07.2023 05:26:00.000 GMT+0530,1.09073,1.09075,1.09068,1.09073,195.75
03.07.2023 05:27:00.000 GMT+0530,1.09073,1.09073,1.09070,1.09072,48.6
03.07.2023 05:28:00.000 GMT+0530,1.09072,1.09074,1.09064,1.09068,119.92
03.07.2023 05:29:00.000 GMT+0530,1.09069,1.09076,1.09069,1.09075,71.1
03.07.2023 05:30:00.000 GMT+0530,1.09075,1.09079,1.09055,1.09068,0.00049228
03.07.2023 05:31:00.000 GMT+0530,1.09068,1.09079,1.09068,1.09075,0.00021108000000000015
03.07.2023 05:32:00.000 GMT+0530,1.09075,1.09088,1.09063,1.09063,0.00031952000000000006
03.07.2023 05:33:00.000 GMT+0530,1.09063,1.09080,1.09061,1.09076,0.00029124000000000006
03.07.2023 05:34:00.000 GMT+0530,1.09075,1.09076,1.09071,1.09073,0.000057669999999999995
03.07.2023 05:35:00.000 GMT+0530,1.09074,1.09075,1.09068,1.09072,0.00012783000000000003
03.07.2023 05:36:00.000 GMT+0530,1.09073,1.09073,1.09068,1.09068,0.00008874999999999999
03.07.2023 05:37:00.000 GMT+0530,1.09070,1.09077,1.09068,1.09076,0.00019461000000000004
03.07.2023 05:38:00.000 GMT+0530,1.09076,1.09088,1.09076,1.09078,0.00014335
03.07.2023 05:39:00.000 GMT+0530,1.09078,1.09089,1.09078,1.09087,0.00029838000000000016
03.07.2023 05:40:00.000 GMT+0530,1.09086,1.09090,1.09084,1.09088,0.00014152999999999993
03.07.2023 05:41:00.000 GMT+0530,1.09088,1.09090,1.09087,1.09088,0.00014307000000000008
03.07.2023 05:42:00.000 GMT+0530,1.09087,1.09090,1.09083,1.09083,0.00014051000000000005
03.07.2023 05:43:00.000 GMT+0530,1.09083,1.09083,1.09074,1.09081,0.000057570000000000026
03.07.2023 05:44:00.000 GMT+0530,1.09082,1.09085,1.09082,1.09084,0.00007288
03.07.2023 05:45:00.000 GMT+0530,1.09086,1.09092,1.09086,1.09090,0.00019245
03.07.2023 05:46:00.000 GMT+0530,1.09091,1.09096,1.09078,1.09079,0.00022544000000000006
03.07.2023 05:47:00.000 GMT+0530,1.09079,1.09089,1.09077,1.09089,0.00016264999999999997
03.07.2023 05:48:00.000 GMT+0530,1.09091,1.09093,1.09083,1.09084,0.00008323999999999997
03.07.2023 05:49:00.000 GMT+0530,1.09084,1.09084,1.09066,1.09067,0.0001379599999999999
03.07.2023 05:50:00.000 GMT+0530,1.09067,1.09071,1.09062,1.09067,0.00014987
03.07.2023 05:51:00.000 GMT+0530,1.09067,1.09070,1.09062,1.09064,0.00019813
03.07.2023 05:52:00.000 GMT+0530,1.09064,1.09065,1.09060,1.09061,0.00012554
03.07.2023 05:53:00.000 GMT+0530,1.09060,1.09068,1.09060,1.09066,0.00013365000000000002
03.07.2023 05:54:00.000 GMT+0530,1.09066,1.09067,1.09060,1.09060,0.00017517000000000005
03.07.2023 05:55:00.000 GMT+0530,1.09061,1.09063,1.09053,1.09062,0.00021284999999999994
03.07.2023 05:56:00.000 GMT+0530,1.09061,1.09064,1.09057,1.09060,0.00024466
03.07.2023 05:57:00.000 GMT+0530,1.09060,1.09069,1.09060,1.09069,0.00013810999999999994
03.07.2023 05:58:00.000 GMT+0530,1.09068,1.09077,1.09067,1.09077,0.00010762999999999993
03.07.2023 05:59:00.000 GMT+0530,1.09077,1.09080,1.09073,1.09076,0.00013318
03.07.2023 06:00:00.000 GMT+0530,1.09076,1.09077,1.09065,1.09066,0.00015471000000000004
03.07.2023 06:01:00.000 GMT+0530,1.09066,1.09070,1.09065,1.09070,0.0000783
03.07.2023 06:02:00.000 GMT+0530,1.09070,1.09075,1.09070,1.09073,0.00014282999999999985
03.07.2023 06:03:00.000 GMT+0530,1.09073,1.09076,1.09067,1.09067,0.00010087999999999994
03.07.2023 06:04:00.000 GMT+0530,1.09067,1.09075,1.09065,1.09075,0.00016491999999999985
03.07.2023 06:05:00.000 GMT+0530,1.09075,1.09075,1.09070,1.09071,0.00010334999999999996
03.07.2023 06:06:00.000 GMT+0530,1.09069,1.09071,1.09060,1.09060,0.00020856000000000005
03.07.2023 06:07:00.000 GMT+0530,1.09060,1.09061,1.09055,1.09060,0.00006664000000000001
03.07.2023 06:08:00.000 GMT+0530,1.09064,1.09070,1.09063,1.09069,0.00016968000000000002
03.07.2023 06:09:00.000 GMT+0530,1.09070,1.09070,1.09067,1.09067,0.00017743999999999993
03.07.2023 06:10:00.000 GMT+0530,1.09066,1.09070,1.09066,1.09069,0.00013535
03.07.2023 06:11:00.000 GMT+0530,1.09068,1.09070,1.09068,1.09068,0.00010937
03.07.2023 06:12:00.000 GMT+0530,1.09069,1.09070,1.09065,1.09069,0.00017301
03.07.2023 06:13:00.000 GMT+0530,1.09069,1.09069,1.09057,1.09057,0.00020028000000000008
03.07.2023 06:14:00.000 GMT+0530,1.09055,1.09055,1.09047,1.09051,0.00019012000000000006
03.07.2023 06:15:00.000 GMT+0530,1.09052,1.09057,1.09051,1.09052,0.00020252000000000003
03.07.2023 06:16:00.000 GMT+0530,1.09051,1.09052,1.09040,1.09040,0.00017056
03.07.2023 06:17:00.000 GMT+0530,1.09039,1.09045,1.09033,1.09034,0.00011904999999999998
03.07.2023 06:18:00.000 GMT+0530,1.09034,1.09038,1.09027,1.09030,0.00013439
03.07.2023 06:19:00.000 GMT+0530,1.09032,1.09040,1.09030,1.09033,0.00021085999999999983
03.07.2023 06:20:00.000 GMT+0530,1.09032,1.09035,1.09027,1.09034,0.00022601999999999995
03.07.2023 06:21:00.000 GMT+0530,1.09032,1.09035,1.09027,1.09031,0.00017681999999999987
03.07.2023 06:22:00.000 GMT+0530,1.09030,1.09030,1.09024,1.09024,0.0001494099999999999
03.07.2023 06:23:00.000 GMT+0530,1.09025,1.09031,1.09025,1.09028,0.00010640999999999995
03.07.2023 06:24:00.000 GMT+0530,1.09028,1.09034,1.09024,1.09026,0.0003415100000000003
03.07.2023 06:25:00.000 GMT+0530,1.09026,1.09035,1.09023,1.09025,0.00027765000000000016
03.07.2023 06:26:00.000 GMT+0530,1.09025,1.09026,1.09020,1.09020,0.00013610999999999997
03.07.2023 06:27:00.000 GMT+0530,1.09016,1.09016,1.09004,1.09007,0.00023821999999999998
03.07.2023 06:28:00.000 GMT+0530,1.09006,1.09017,1.09006,1.09015,0.00031480000000000006
03.07.2023 06:29:00.000 GMT+0530,1.09015,1.09016,1.09014,1.09014,0.00014465
03.07.2023 06:30:00.000 GMT+0530,1.09014,1.09020,1.09011,1.09019,0.0002517499999999998
03.07.2023 06:31:00.000 GMT+0530,1.09019,1.09034,1.09016,1.09034,0.00022339999999999995
03.07.2023 06:32:00.000 GMT+0530,1.09033,1.09041,1.09027,1.09028,0.0002473299999999999
03.07.2023 06:33:00.000 GMT+0530,1.09027,1.09030,1.09024,1.09030,0.0001479199999999998
03.07.2023 06:34:00.000 GMT+0530,1.09030,1.09031,1.09027,1.09028,0.000060070000000000047
03.07.2023 06:35:00.000 GMT+0530,1.09028,1.09049,1.09025,1.09048,0.00017187999999999996
03.07.2023 06:36:00.000 GMT+0530,1.09045,1.09049,1.09043,1.09046,0.00014171999999999986
03.07.2023 06:37:00.000 GMT+0530,1.09046,1.09046,1.09035,1.09040,0.00009874999999999996
03.07.2023 06:38:00.000 GMT+0530,1.09040,1.09045,1.09040,1.09040,0.00017589999999999994
03.07.2023 06:39:00.000 GMT+0530,1.09040,1.09040,1.09035,1.09040,0.00004477000000000004
03.07.2023 06:40:00.000 GMT+0530,1.09040,1.09045,1.09040,1.09044,0.00008886999999999998
03.07.2023 06:41:00.000 GMT+0530,1.09044,1.09045,1.09038,1.09039,0.00011361999999999996
03.07.2023 06:42:00.000 GMT+0530,1.09039,1.09040,1.09027,1.09030,0.00011941
03.07.2023 06:43:00.000 GMT+0530,1.09029,1.09030,1.09018,1.09029,0.00018043000000000006
03.07.2023 06:44:00.000 GMT+0530,1.09029,1.09044,1.09028,1.09043,0.0001296
03.07.2023 06:45:00.000 GMT+0530,1.09044,1.09070,1.09044,1.09062,0.0003254
03.07.2023 06:46:00.000 GMT+0530,1.09063,1.09067,1.09061,1.09065,0.00012555000000000002
03.07.2023 06:47:00.000 GMT+0530,1.09066,1.09072,1.09065,1.09066,0.00011066999999999994
03.07.2023 06:48:00.000 GMT+0530,1.09066,1.09069,1.09064,1.09069,0.00010168999999999996
03.07.2023 06:49:00.000 GMT+0530,1.09069,1.09069,1.09066,1.09068,0.00014959000000000004
03.07.2023 06:50:00.000 GMT+0530,1.09067,1.09070,1.09064,1.09064,0.00020110999999999992
03.07.2023 06:51:00.000 GMT+0530,1.09064,1.09066,1.09058,1.09058,0.00029177999999999995
03.07.2023 06:52:00.000 GMT+0530,1.09059,1.09059,1.09049,1.09050,0.00016198000000000002
03.07.2023 06:53:00.000 GMT+0530,1.09049,1.09053,1.09045,1.09047,0.00034243000000000007
03.07.2023 06:54:00.000 GMT+0530,1.09048,1.09049,1.09039,1.09049,0.00032154
03.07.2023 06:55:00.000 GMT+0530,1.09048,1.09055,1.09048,1.09054,0.00014023000000000006
03.07.2023 06:56:00.000 GMT+0530,1.09053,1.09055,1.09049,1.09053,0.00026852000000000007
03.07.2023 06:57:00.000 GMT+0530,1.09053,1.09053,1.09044,1.09049,0.00037087999999999976
03.07.2023 06:58:00.000 GMT+0530,1.09049,1.09051,1.09044,1.09045,0.0002564700000000001
03.07.2023 06:59:00.000 GMT+0530,1.09046,1.09061,1.09046,1.09059,0.0002956200000000001
03.07.2023 07:00:00.000 GMT+0530,1.09058,1.09099,1.09058,1.09099,0.00040018000000000047
03.07.2023 07:01:00.000 GMT+0530,1.09100,1.09124,1.09100,1.09124,0.00033910000000000006
03.07.2023 07:02:00.000 GMT+0530,1.09128,1.09136,1.09126,1.09135,0.00019145999999999982
03.07.2023 07:03:00.000 GMT+0530,1.09135,1.09144,1.09112,1.09114,0.00024396999999999987
03.07.2023 07:04:00.000 GMT+0530,1.09115,1.09141,1.09113,1.09140,0.00046851
03.07.2023 07:05:00.000 GMT+0530,1.09141,1.09156,1.09139,1.09155,0.00025624999999999986
03.07.2023 07:06:00.000 GMT+0530,1.09157,1.09164,1.09155,1.09160,0.00033151000000000003
03.07.2023 07:07:00.000 GMT+0530,1.09160,1.09161,1.09156,1.09160,0.00032958999999999983
03.07.2023 07:08:00.000 GMT+0530,1.09159,1.09175,1.09158,1.09175,0.00037718000000000023
03.07.2023 07:09:00.000 GMT+0530,1.09175,1.09176,1.09157,1.09159,0.0004518499999999998
03.07.2023 07:10:00.000 GMT+0530,1.09160,1.09163,1.09155,1.09157,0.00030519999999999983
03.07.2023 07:11:00.000 GMT+0530,1.09157,1.09157,1.09136,1.09138,0.00027471
03.07.2023 07:12:00.000 GMT+0530,1.09139,1.09151,1.09137,1.09139,0.00026414
03.07.2023 07:13:00.000 GMT+0530,1.09138,1.09139,1.09134,1.09135,0.00022396999999999996
03.07.2023 07:14:00.000 GMT+0530,1.09135,1.09136,1.09121,1.09128,0.00012067999999999987
03.07.2023 07:15:00.000 GMT+0530,1.09129,1.09145,1.09129,1.09140,0.00026678
03.07.2023 07:16:00.000 GMT+0530,1.09140,1.09140,1.09126,1.09126,0.0002694400000000001
03.07.2023 07:17:00.000 GMT+0530,1.09125,1.09126,1.09120,1.09120,0.00016838999999999998
03.07.2023 07:18:00.000 GMT+0530,1.09119,1.09120,1.09103,1.09103,0.00030057999999999994
03.07.2023 07:19:00.000 GMT+0530,1.09104,1.09106,1.09101,1.09103,0.00031716
03.07.2023 07:20:00.000 GMT+0530,1.09102,1.09106,1.09099,1.09104,0.00020767999999999975
03.07.2023 07:21:00.000 GMT+0530,1.09104,1.09104,1.09089,1.09092,0.00009784999999999999
03.07.2023 07:22:00.000 GMT+0530,1.09092,1.09092,1.09079,1.09085,0.00027401000000000026
03.07.2023 07:23:00.000 GMT+0530,1.09085,1.09089,1.09071,1.09071,0.00016848999999999995
03.07.2023 07:24:00.000 GMT+0530,1.09073,1.09085,1.09073,1.09078,0.00024082999999999998
03.07.2023 07:25:00.000 GMT+0530,1.09078,1.09079,1.09068,1.09070,0.0002581800000000001
03.07.2023 07:26:00.000 GMT+0530,1.09070,1.09080,1.09069,1.09080,0.00026184
03.07.2023 07:27:00.000 GMT+0530,1.09080,1.09080,1.09068,1.09076,0.0001512999999999999
03.07.2023 07:28:00.000 GMT+0530,1.09077,1.09094,1.09075,1.09089,0.00029307000000000004
03.07.2023 07:29:00.000 GMT+0530,1.09089,1.09090,1.09085,1.09090,0.00022551999999999997
03.07.2023 07:30:00.000 GMT+0530,1.09092,1.09100,1.09090,1.09090,0.00022899999999999998
03.07.2023 07:31:00.000 GMT+0530,1.09089,1.09090,1.09087,1.09090,0.00004603000000000001
03.07.2023 07:32:00.000 GMT+0530,1.09090,1.09094,1.09078,1.09085,0.00017779000000000007
03.07.2023 07:33:00.000 GMT+0530,1.09084,1.09100,1.09084,1.09094,0.0003629600000000001
03.07.2023 07:34:00.000 GMT+0530,1.09095,1.09103,1.09086,1.09095,0.0005596599999999992
03.07.2023 07:35:00.000 GMT+0530,1.09094,1.09094,1.09084,1.09089,0.00030076000000000007
03.07.2023 07:36:00.000 GMT+0530,1.09090,1.09095,1.09085,1.09095,0.00020334999999999993
03.07.2023 07:37:00.000 GMT+0530,1.09097,1.09100,1.09085,1.09086,0.00020700000000000007
03.07.2023 07:38:00.000 GMT+0530,1.09086,1.09086,1.09071,1.09073,0.00017054999999999984
03.07.2023 07:39:00.000 GMT+0530,1.09074,1.09081,1.09072,1.09078,0.00020775999999999995
03.07.2023 07:40:00.000 GMT+0530,1.09078,1.09090,1.09078,1.09090,0.0001593199999999999
03.07.2023 07:41:00.000 GMT+0530,1.09089,1.09095,1.09083,1.09087,0.00022184
03.07.2023 07:42:00.000 GMT+0530,1.09088,1.09090,1.09087,1.09089,0.0002026499999999999
03.07.2023 07:43:00.000 GMT+0530,1.09089,1.09103,1.09089,1.09102,0.00032708000000000005
03.07.2023 07:44:00.000 GMT+0530,1.09100,1.09100,1.09095,1.09099,0.00017224000000000002
03.07.2023 07:45:00.000 GMT+0530,1.09100,1.09100,1.09093,1.09095,0.00025801
03.07.2023 07:46:00.000 GMT+0530,1.09094,1.09099,1.09089,1.09096,0.0001509599999999999
03.07.2023 07:47:00.000 GMT+0530,1.09098,1.09104,1.09084,1.09084,0.00024581999999999995
03.07.2023 07:48:00.000 GMT+0530,1.09085,1.09089,1.09082,1.09088,0.00008884999999999999
03.07.2023 07:49:00.000 GMT+0530,1.09088,1.09088,1.09072,1.09075,0.00009852999999999993
03.07.2023 07:50:00.000 GMT+0530,1.09075,1.09076,1.09072,1.09073,0.00008573999999999993
03.07.2023 07:51:00.000 GMT+0530,1.09074,1.09075,1.09066,1.09072,0.0001831699999999999
03.07.2023 07:52:00.000 GMT+0530,1.09072,1.09086,1.09072,1.09086,0.00007468999999999995
03.07.2023 07:53:00.000 GMT+0530,1.09086,1.09095,1.09084,1.09088,0.00029652
03.07.2023 07:54:00.000 GMT+0530,1.09088,1.09090,1.09078,1.09083,0.0004488800000000001
03.07.2023 07:55:00.000 GMT+0530,1.09082,1.09087,1.09082,1.09083,0.00016084999999999998
03.07.2023 07:56:00.000 GMT+0530,1.09084,1.09091,1.09084,1.09085,0.00020387000000000004
03.07.2023 07:57:00.000 GMT+0530,1.09085,1.09085,1.09078,1.09084,0.0001568499999999999
03.07.2023 07:58:00.000 GMT+0530,1.09084,1.09085,1.09081,1.09083,0.00009160999999999999
03.07.2023 07:59:00.000 GMT+0530,1.09084,1.09089,1.09083,1.09083,0.00007167000000000002
03.07.2023 08:00:00.000 GMT+0530,1.09082,1.09085,1.09077,1.09084,0.00022249999999999993
03.07.2023 08:01:00.000 GMT+0530,1.09084,1.09084,1.09076,1.09078,0.00017376999999999998
03.07.2023 08:02:00.000 GMT+0530,1.09075,1.09076,1.09071,1.09071,0.00015144999999999997
03.07.2023 08:03:00.000 GMT+0530,1.09070,1.09075,1.09068,1.09069,0.00014236999999999998
03.07.2023 08:04:00.000 GMT+0530,1.09068,1.09076,1.09064,1.09076,0.00012490999999999991
03.07.2023 08:05:00.000 GMT+0530,1.09075,1.09080,1.09068,1.09068,0.00009875999999999997
03.07.2023 08:06:00.000 GMT+0530,1.09070,1.09081,1.09067,1.09079,0.00005580000000000005
03.07.2023 08:07:00.000 GMT+0530,1.09077,1.09077,1.09065,1.09070,0.00012507000000000005
03.07.2023 08:08:00.000 GMT+0530,1.09070,1.09081,1.09070,1.09077,0.0003580900000000001
03.07.2023 08:09:00.000 GMT+0530,1.09077,1.09078,1.09071,1.09073,0.00013522
03.07.2023 08:10:00.000 GMT+0530,1.09074,1.09083,1.09065,1.09080,0.00022864000000000006
03.07.2023 08:11:00.000 GMT+0530,1.09081,1.09092,1.09081,1.09090,0.00016994000000000004
03.07.2023 08:12:00.000 GMT+0530,1.09090,1.09095,1.09086,1.09089,0.00016371000000000002
03.07.2023 08:13:00.000 GMT+0530,1.09089,1.09089,1.09074,1.09085,0.00020574999999999996
03.07.2023 08:14:00.000 GMT+0530,1.09085,1.09089,1.09084,1.09089,0.00012373000000000004
03.07.2023 08:15:00.000 GMT+0530,1.09091,1.09095,1.09090,1.09090,0.00008526000000000001
03.07.2023 08:16:00.000 GMT+0530,1.09089,1.09089,1.09078,1.09079,0.00013161000000000002
03.07.2023 08:17:00.000 GMT+0530,1.09078,1.09081,1.09073,1.09081,0.00017300999999999997
03.07.2023 08:18:00.000 GMT+0530,1.09080,1.09087,1.09079,1.09085,0.00014125
03.07.2023 08:19:00.000 GMT+0530,1.09085,1.09090,1.09085,1.09089,0.00015565999999999998
03.07.2023 08:20:00.000 GMT+0530,1.09089,1.09091,1.09082,1.09083,0.00021884999999999998
03.07.2023 08:21:00.000 GMT+0530,1.09084,1.09085,1.09078,1.09079,0.00027645000000000013
03.07.2023 08:22:00.000 GMT+0530,1.09079,1.09080,1.09076,1.09078,0.00021597000000000017
03.07.2023 08:23:00.000 GMT+0530,1.09079,1.09079,1.09073,1.09074,0.0002771000000000001
03.07.2023 08:24:00.000 GMT+0530,1.09073,1.09075,1.09067,1.09069,0.00013357000000000006
03.07.2023 08:25:00.000 GMT+0530,1.09070,1.09073,1.09068,1.09073,0.00003892
03.07.2023 08:26:00.000 GMT+0530,1.09075,1.09080,1.09073,1.09080,0.0003527100000000001
03.07.2023 08:27:00.000 GMT+0530,1.09079,1.09079,1.09079,1.09079,0.000039600000000000014
03.07.2023 08:28:00.000 GMT+0530,1.09080,1.09080,1.09071,1.09075,0.00016460999999999996
03.07.2023 08:29:00.000 GMT+0530,1.09074,1.09075,1.09073,1.09074,0.00017607000000000004
03.07.2023 08:30:00.000 GMT+0530,1.09074,1.09075,1.09066,1.09067,0.0003118199999999999
03.07.2023 08:31:00.000 GMT+0530,1.09067,1.09068,1.09064,1.09065,0.00009471999999999995
03.07.2023 08:32:00.000 GMT+0530,1.09065,1.09066,1.09065,1.09065,0.00010890000000000003
03.07.2023 08:33:00.000 GMT+0530,1.09066,1.09075,1.09066,1.09075,0.00016514999999999998
03.07.2023 08:34:00.000 GMT+0530,1.09075,1.09079,1.09070,1.09079,0.00017826
03.07.2023 08:35:00.000 GMT+0530,1.09080,1.09083,1.09076,1.09076,0.00019022
03.07.2023 08:36:00.000 GMT+0530,1.09075,1.09085,1.09075,1.09085,0.00025373999999999997
03.07.2023 08:37:00.000 GMT+0530,1.09084,1.09086,1.09084,1.09085,0.00007695
03.07.2023 08:38:00.000 GMT+0530,1.09086,1.09086,1.09083,1.09083,0.00008158
03.07.2023 08:39:00.000 GMT+0530,1.09083,1.09085,1.09078,1.09083,0.00023183
03.07.2023 08:40:00.000 GMT+0530,1.09083,1.09084,1.09079,1.09079,0.00019984
03.07.2023 08:41:00.000 GMT+0530,1.09080,1.09085,1.09078,1.09084,0.00022830000000000002
03.07.2023 08:42:00.000 GMT+0530,1.09084,1.09085,1.09078,1.09078,0.0003875299999999996
03.07.2023 08:43:00.000 GMT+0530,1.09079,1.09087,1.09076,1.09083,0.00016905999999999998
03.07.2023 08:44:00.000 GMT+0530,1.09084,1.09087,1.09083,1.09084,0.00014481
03.07.2023 08:45:00.000 GMT+0530,1.09083,1.09085,1.09077,1.09078,0.00034156999999999997
03.07.2023 08:46:00.000 GMT+0530,1.09079,1.09081,1.09078,1.09078,0.0002178799999999999
03.07.2023 08:47:00.000 GMT+0530,1.09078,1.09082,1.09078,1.09081,0.00018715000000000002
03.07.2023 08:48:00.000 GMT+0530,1.09080,1.09089,1.09080,1.09087,0.00016136
03.07.2023 08:49:00.000 GMT+0530,1.09088,1.09088,1.09085,1.09087,0.00010502999999999998
03.07.2023 08:50:00.000 GMT+0530,1.09086,1.09086,1.09077,1.09078,0.0001503700000000001
03.07.2023 08:51:00.000 GMT+0530,1.09079,1.09079,1.09074,1.09075,0.00018024000000000005
03.07.2023 08:52:00.000 GMT+0530,1.09074,1.09082,1.09074,1.09080,0.00013418000000000007
03.07.2023 08:53:00.000 GMT+0530,1.09079,1.09087,1.09079,1.09085,0.00017773000000000005
03.07.2023 08:54:00.000 GMT+0530,1.09085,1.09089,1.09084,1.09084,0.00012472
03.07.2023 08:55:00.000 GMT+0530,1.09084,1.09089,1.09084,1.09088,0.00009772999999999999
03.07.2023 08:56:00.000 GMT+0530,1.09087,1.09088,1.09085,1.09088,0.00008130999999999988
03.07.2023 08:57:00.000 GMT+0530,1.09088,1.09095,1.09084,1.09084,0.00007769999999999996
03.07.2023 08:58:00.000 GMT+0530,1.09082,1.09082,1.09078,1.09079,0.00018741000000000013
03.07.2023 08:59:00.000 GMT+0530,1.09079,1.09079,1.09075,1.09075,0.00015997
03.07.2023 09:00:00.000 GMT+0530,1.09074,1.09080,1.09074,1.09078,0.00027358000000000016
03.07.2023 09:01:00.000 GMT+0530,1.09079,1.09079,1.09074,1.09074,0.00003464
03.07.2023 09:02:00.000 GMT+0530,1.09077,1.09084,1.09077,1.09078,0.00007265000000000002
03.07.2023 09:03:00.000 GMT+0530,1.09078,1.09080,1.09076,1.09079,0.00015100000000000012
03.07.2023 09:04:00.000 GMT+0530,1.09078,1.09084,1.09078,1.09084,0.00011042000000000002
03.07.2023 09:05:00.000 GMT+0530,1.09084,1.09084,1.09076,1.09079,0.00012395
03.07.2023 09:06:00.000 GMT+0530,1.09079,1.09080,1.09070,1.09074,0.00024217999999999993
03.07.2023 09:07:00.000 GMT+0530,1.09075,1.09079,1.09074,1.09075,0.00008667000000000002
03.07.2023 09:08:00.000 GMT+0530,1.09075,1.09080,1.09075,1.09080,0.00022239000000000002
03.07.2023 09:09:00.000 GMT+0530,1.09080,1.09085,1.09079,1.09083,0.00013677999999999997
03.07.2023 09:10:00.000 GMT+0530,1.09083,1.09095,1.09083,1.09095,0.00009045000000000002
03.07.2023 09:11:00.000 GMT+0530,1.09095,1.09100,1.09093,1.09099,0.0002853000000000001
03.07.2023 09:12:00.000 GMT+0530,1.09099,1.09100,1.09096,1.09099,0.00017437
03.07.2023 09:13:00.000 GMT+0530,1.09100,1.09114,1.09099,1.09113,0.00020117000000000008
03.07.2023 09:14:00.000 GMT+0530,1.09114,1.09122,1.09114,1.09118,0.00035455000000000013
03.07.2023 09:15:00.000 GMT+0530,1.09119,1.09119,1.09113,1.09114,0.0001690300000000001
03.07.2023 09:16:00.000 GMT+0530,1.09112,1.09113,1.09108,1.09111,0.00021437
03.07.2023 09:17:00.000 GMT+0530,1.09111,1.09114,1.09110,1.09110,0.00005130000000000003
03.07.2023 09:18:00.000 GMT+0530,1.09111,1.09114,1.09109,1.09111,0.00012237999999999992
03.07.2023 09:19:00.000 GMT+0530,1.09111,1.09122,1.09111,1.09117,0.0003086600000000001
03.07.2023 09:20:00.000 GMT+0530,1.09115,1.09124,1.09115,1.09124,0.00011542000000000002
03.07.2023 09:21:00.000 GMT+0530,1.09124,1.09127,1.09123,1.09125,0.00010055
03.07.2023 09:22:00.000 GMT+0530,1.09126,1.09129,1.09124,1.09126,0.00008255999999999991
03.07.2023 09:23:00.000 GMT+0530,1.09128,1.09130,1.09125,1.09129,0.00013587999999999995
03.07.2023 09:24:00.000 GMT+0530,1.09130,1.09130,1.09123,1.09125,0.00013009999999999986
03.07.2023 09:25:00.000 GMT+0530,1.09125,1.09128,1.09121,1.09121,0.0001273299999999999
03.07.2023 09:26:00.000 GMT+0530,1.09121,1.09126,1.09121,1.09126,0.0001825599999999999
03.07.2023 09:27:00.000 GMT+0530,1.09125,1.09136,1.09125,1.09131,0.0001893399999999999
03.07.2023 09:28:00.000 GMT+0530,1.09134,1.09136,1.09130,1.09130,0.00010614999999999995
03.07.2023 09:29:00.000 GMT+0530,1.09130,1.09130,1.09125,1.09127,0.0001362400000000001
03.07.2023 09:30:00.000 GMT+0530,1.09127,1.09127,1.09125,1.09126,0.00016131
03.07.2023 09:31:00.000 GMT+0530,1.09127,1.09130,1.09125,1.09125,0.0001592300000000001
03.07.2023 09:32:00.000 GMT+0530,1.09126,1.09130,1.09125,1.09130,0.0002127800000000001
03.07.2023 09:33:00.000 GMT+0530,1.09130,1.09140,1.09130,1.09139,0.00014949999999999992
03.07.2023 09:34:00.000 GMT+0530,1.09140,1.09142,1.09137,1.09140,0.00017983999999999993
03.07.2023 09:35:00.000 GMT+0530,1.09140,1.09140,1.09135,1.09136,0.00021084999999999998
03.07.2023 09:36:00.000 GMT+0530,1.09135,1.09136,1.09127,1.09129,0.00014515999999999995
03.07.2023 09:37:00.000 GMT+0530,1.09129,1.09130,1.09125,1.09129,0.00010475999999999994
03.07.2023 09:38:00.000 GMT+0530,1.09130,1.09133,1.09130,1.09133,0.000056430000000000034
03.07.2023 09:39:00.000 GMT+0530,1.09133,1.09133,1.09131,1.09133,0.00006556000000000002
03.07.2023 09:40:00.000 GMT+0530,1.09136,1.09141,1.09134,1.09138,0.0002371
03.07.2023 09:41:00.000 GMT+0530,1.09139,1.09141,1.09135,1.09135,0.00017904
03.07.2023 09:42:00.000 GMT+0530,1.09135,1.09143,1.09134,1.09140,0.00016869999999999998
03.07.2023 09:43:00.000 GMT+0530,1.09141,1.09144,1.09140,1.09143,0.00018156000000000002
03.07.2023 09:44:00.000 GMT+0530,1.09143,1.09143,1.09139,1.09141,0.00018336
03.07.2023 09:45:00.000 GMT+0530,1.09141,1.09143,1.09140,1.09142,0.00007267000000000002
03.07.2023 09:46:00.000 GMT+0530,1.09142,1.09142,1.09139,1.09139,0.00020205000000000003
03.07.2023 09:47:00.000 GMT+0530,1.09140,1.09141,1.09139,1.09139,0.00017999999999999998
03.07.2023 09:48:00.000 GMT+0530,1.09139,1.09140,1.09137,1.09138,0.00009583999999999998
03.07.2023 09:49:00.000 GMT+0530,1.09138,1.09140,1.09136,1.09139,0.00007087000000000002
03.07.2023 09:50:00.000 GMT+0530,1.09139,1.09140,1.09136,1.09136,0.00022655999999999995
03.07.2023 09:51:00.000 GMT+0530,1.09136,1.09136,1.09136,1.09136,0.00008639999999999997
03.07.2023 09:52:00.000 GMT+0530,1.09136,1.09137,1.09129,1.09135,0.00006839000000000001
03.07.2023 09:53:00.000 GMT+0530,1.09135,1.09145,1.09132,1.09145,0.00003825000000000001
03.07.2023 09:54:00.000 GMT+0530,1.09145,1.09146,1.09142,1.09145,0.00003960000000000001
03.07.2023 09:55:00.000 GMT+0530,1.09143,1.09152,1.09143,1.09152,0.00004409000000000001
03.07.2023 09:56:00.000 GMT+0530,1.09154,1.09159,1.09154,1.09159,0.00007560000000000001
03.07.2023 09:57:00.000 GMT+0530,1.09159,1.09160,1.09159,1.09160,0.00009359999999999998
03.07.2023 09:58:00.000 GMT+0530,1.09160,1.09165,1.09160,1.09160,0.00005264000000000001
03.07.2023 09:59:00.000 GMT+0530,1.09161,1.09161,1.09157,1.09157,0.00009526999999999999
03.07.2023 10:00:00.000 GMT+0530,1.09156,1.09160,1.09156,1.09157,0.000059990000000000013
03.07.2023 10:01:00.000 GMT+0530,1.09157,1.09157,1.09145,1.09148,0.00018225000000000004
03.07.2023 10:02:00.000 GMT+0530,1.09149,1.09150,1.09148,1.09149,0.00006929000000000002
03.07.2023 10:03:00.000 GMT+0530,1.09150,1.09153,1.09147,1.09149,0.00012147999999999998
03.07.2023 10:04:00.000 GMT+0530,1.09148,1.09152,1.09144,1.09152,0.00009201
03.07.2023 10:05:00.000 GMT+0530,1.09151,1.09154,1.09150,1.09153,0.00011361999999999999
03.07.2023 10:06:00.000 GMT+0530,1.09154,1.09156,1.09144,1.09144,0.00013724
03.07.2023 10:07:00.000 GMT+0530,1.09145,1.09145,1.09140,1.09143,0.00017278999999999981
03.07.2023 10:08:00.000 GMT+0530,1.09142,1.09149,1.09139,1.09149,0.0000765
03.07.2023 10:09:00.000 GMT+0530,1.09148,1.09149,1.09145,1.09149,0.00007807000000000003
03.07.2023 10:10:00.000 GMT+0530,1.09149,1.09150,1.09149,1.09150,0.00009179999999999993
03.07.2023 10:11:00.000 GMT+0530,1.09150,1.09150,1.09148,1.09149,0.00006843
03.07.2023 10:12:00.000 GMT+0530,1.09150,1.09150,1.09145,1.09145,0.00014916000000000004
03.07.2023 10:13:00.000 GMT+0530,1.09144,1.09149,1.09140,1.09149,0.0001960400000000001
03.07.2023 10:14:00.000 GMT+0530,1.09149,1.09150,1.09144,1.09146,0.00013205999999999998
03.07.2023 10:15:00.000 GMT+0530,1.09147,1.09151,1.09146,1.09146,0.00006974000000000002
03.07.2023 10:16:00.000 GMT+0530,1.09146,1.09151,1.09146,1.09151,0.000043830000000000026
03.07.2023 10:17:00.000 GMT+0530,1.09151,1.09156,1.09149,1.09154,0.00017576000000000004
03.07.2023 10:18:00.000 GMT+0530,1.09155,1.09156,1.09152,1.09155,0.00013058000000000004
03.07.2023 10:19:00.000 GMT+0530,1.09156,1.09156,1.09151,1.09151,0.00003316000000000003
03.07.2023 10:20:00.000 GMT+0530,1.09151,1.09151,1.09143,1.09145,0.00011912999999999991
03.07.2023 10:21:00.000 GMT+0530,1.09145,1.09146,1.09142,1.09145,0.00017281999999999988
03.07.2023 10:22:00.000 GMT+0530,1.09146,1.09150,1.09146,1.09149,0.00018978999999999982
03.07.2023 10:23:00.000 GMT+0530,1.09149,1.09151,1.09149,1.09151,0.00010699999999999989
03.07.2023 10:24:00.000 GMT+0530,1.09151,1.09154,1.09149,1.09154,0.00014790000000000004
03.07.2023 10:25:00.000 GMT+0530,1.09155,1.09165,1.09154,1.09165,0.00020921999999999992
03.07.2023 10:26:00.000 GMT+0530,1.09166,1.09180,1.09166,1.09177,0.0002195500000000001
03.07.2023 10:27:00.000 GMT+0530,1.09178,1.09181,1.09175,1.09176,0.00014201000000000003
03.07.2023 10:28:00.000 GMT+0530,1.09176,1.09176,1.09168,1.09170,0.00018705999999999996
03.07.2023 10:29:00.000 GMT+0530,1.09170,1.09176,1.09168,1.09175,0.0002536399999999999
03.07.2023 10:30:00.000 GMT+0530,1.09174,1.09174,1.09156,1.09159,0.00029491999999999995
03.07.2023 10:31:00.000 GMT+0530,1.09161,1.09165,1.09160,1.09165,0.00011702999999999998
03.07.2023 10:32:00.000 GMT+0530,1.09165,1.09166,1.09159,1.09160,0.00015597999999999998
03.07.2023 10:33:00.000 GMT+0530,1.09160,1.09166,1.09159,1.09160,0.00007717000000000001
03.07.2023 10:34:00.000 GMT+0530,1.09160,1.09160,1.09154,1.09154,0.00025195
03.07.2023 10:35:00.000 GMT+0530,1.09155,1.09161,1.09154,1.09161,0.00009876999999999999
03.07.2023 10:36:00.000 GMT+0530,1.09161,1.09168,1.09160,1.09160,0.00013238
03.07.2023 10:37:00.000 GMT+0530,1.09160,1.09163,1.09154,1.09154,0.00013047
03.07.2023 10:38:00.000 GMT+0530,1.09154,1.09168,1.09153,1.09168,0.00014907999999999998
03.07.2023 10:39:00.000 GMT+0530,1.09169,1.09169,1.09164,1.09164,0.00015272999999999998
03.07.2023 10:40:00.000 GMT+0530,1.09164,1.09167,1.09163,1.09166,0.00018188000000000004
03.07.2023 10:41:00.000 GMT+0530,1.09165,1.09168,1.09163,1.09163,0.00007572
03.07.2023 10:42:00.000 GMT+0530,1.09164,1.09164,1.09157,1.09158,0.00011445999999999998
03.07.2023 10:43:00.000 GMT+0530,1.09158,1.09163,1.09158,1.09159,0.00014987999999999997
03.07.2023 10:44:00.000 GMT+0530,1.09160,1.09163,1.09158,1.09161,0.00005445000000000001
03.07.2023 10:45:00.000 GMT+0530,1.09161,1.09162,1.09153,1.09154,0.0002357999999999999
03.07.2023 10:46:00.000 GMT+0530,1.09155,1.09160,1.09154,1.09158,0.00013997
03.07.2023 10:47:00.000 GMT+0530,1.09159,1.09170,1.09158,1.09167,0.00030214000000000006
03.07.2023 10:48:00.000 GMT+0530,1.09165,1.09167,1.09162,1.09162,0.00018521000000000005
03.07.2023 10:49:00.000 GMT+0530,1.09162,1.09164,1.09158,1.09159,0.00011901000000000004
03.07.2023 10:50:00.000 GMT+0530,1.09158,1.09160,1.09150,1.09153,0.00022937000000000004
03.07.2023 10:51:00.000 GMT+0530,1.09152,1.09154,1.09148,1.09154,0.00014476000000000004
03.07.2023 10:52:00.000 GMT+0530,1.09153,1.09155,1.09145,1.09148,0.00012293000000000004
03.07.2023 10:53:00.000 GMT+0530,1.09151,1.09156,1.09148,1.09148,0.00020407000000000002
03.07.2023 10:54:00.000 GMT+0530,1.09146,1.09148,1.09143,1.09145,0.00010957000000000001
03.07.2023 10:55:00.000 GMT+0530,1.09144,1.09148,1.09140,1.09146,0.00014228000000000003
03.07.2023 10:56:00.000 GMT+0530,1.09147,1.09160,1.09147,1.09160,0.00013439000000000002
03.07.2023 10:57:00.000 GMT+0530,1.09161,1.09163,1.09158,1.09158,0.00010222999999999999
03.07.2023 10:58:00.000 GMT+0530,1.09159,1.09160,1.09154,1.09155,0.00012689000000000005
03.07.2023 10:59:00.000 GMT+0530,1.09154,1.09160,1.09154,1.09156,0.00014276000000000002
03.07.2023 11:00:00.000 GMT+0530,1.09156,1.09160,1.09155,1.09156,0.00026233
03.07.2023 11:01:00.000 GMT+0530,1.09156,1.09174,1.09156,1.09174,0.00025024
03.07.2023 11:02:00.000 GMT+0530,1.09175,1.09178,1.09166,1.09168,0.00023236
03.07.2023 11:03:00.000 GMT+0530,1.09168,1.09175,1.09164,1.09170,0.00017736
03.07.2023 11:04:00.000 GMT+0530,1.09172,1.09180,1.09172,1.09175,0.00017835000000000003
03.07.2023 11:05:00.000 GMT+0530,1.09174,1.09179,1.09174,1.09178,0.00023169
03.07.2023 11:06:00.000 GMT+0530,1.09179,1.09180,1.09170,1.09170,0.00014643999999999996
03.07.2023 11:07:00.000 GMT+0530,1.09170,1.09171,1.09165,1.09171,0.00008178999999999993
03.07.2023 11:08:00.000 GMT+0530,1.09170,1.09171,1.09164,1.09165,0.00011158999999999995
03.07.2023 11:09:00.000 GMT+0530,1.09165,1.09165,1.09153,1.09156,0.00019121999999999992
03.07.2023 11:10:00.000 GMT+0530,1.09156,1.09156,1.09152,1.09154,0.00010394000000000007
03.07.2023 11:11:00.000 GMT+0530,1.09155,1.09157,1.09153,1.09154,0.00019102000000000013
03.07.2023 11:12:00.000 GMT+0530,1.09153,1.09161,1.09153,1.09160,0.00022174000000000003
03.07.2023 11:13:00.000 GMT+0530,1.09159,1.09160,1.09154,1.09159,0.00017907999999999997
03.07.2023 11:14:00.000 GMT+0530,1.09159,1.09159,1.09144,1.09144,0.00011083000000000002
03.07.2023 11:15:00.000 GMT+0530,1.09144,1.09144,1.09114,1.09123,0.00021078000000000004
03.07.2023 11:16:00.000 GMT+0530,1.09124,1.09124,1.09117,1.09120,0.00026201
03.07.2023 11:17:00.000 GMT+0530,1.09119,1.09124,1.09116,1.09123,0.00021621
03.07.2023 11:18:00.000 GMT+0530,1.09122,1.09128,1.09120,1.09127,0.00010091000000000004
03.07.2023 11:19:00.000 GMT+0530,1.09128,1.09128,1.09117,1.09123,0.00027353000000000013
03.07.2023 11:20:00.000 GMT+0530,1.09124,1.09127,1.09121,1.09121,0.00014104999999999999
03.07.2023 11:21:00.000 GMT+0530,1.09123,1.09124,1.09118,1.09119,0.00009155
03.07.2023 11:22:00.000 GMT+0530,1.09120,1.09120,1.09111,1.09115,0.00014146999999999996
03.07.2023 11:23:00.000 GMT+0530,1.09115,1.09120,1.09113,1.09119,0.0001361
03.07.2023 11:24:00.000 GMT+0530,1.09120,1.09120,1.09112,1.09114,0.00018043000000000017
03.07.2023 11:25:00.000 GMT+0530,1.09114,1.09114,1.09094,1.09094,0.00029404000000000013
03.07.2023 11:26:00.000 GMT+0530,1.09093,1.09096,1.09074,1.09074,0.00024082999999999996
03.07.2023 11:27:00.000 GMT+0530,1.09073,1.09073,1.09056,1.09058,0.0004728899999999999
03.07.2023 11:28:00.000 GMT+0530,1.09057,1.09058,1.09038,1.09042,0.00042310000000000015
03.07.2023 11:29:00.000 GMT+0530,1.09041,1.09041,1.09030,1.09033,0.00046866000000000025
03.07.2023 11:30:00.000 GMT+0530,1.09032,1.09068,1.09028,1.09065,0.0005896199999999997
03.07.2023 11:31:00.000 GMT+0530,1.09065,1.09065,1.09045,1.09057,0.0003986499999999999
03.07.2023 11:32:00.000 GMT+0530,1.09057,1.09057,1.09034,1.09045,0.00048549999999999977
03.07.2023 11:33:00.000 GMT+0530,1.09045,1.09049,1.09026,1.09028,0.0002764300000000001
03.07.2023 11:34:00.000 GMT+0530,1.09029,1.09029,1.09013,1.09016,0.0003632399999999999
03.07.2023 11:35:00.000 GMT+0530,1.09015,1.09027,1.09007,1.09021,0.0003881899999999998
03.07.2023 11:36:00.000 GMT+0530,1.09020,1.09027,1.09011,1.09018,0.0003465099999999998
03.07.2023 11:37:00.000 GMT+0530,1.09017,1.09019,1.08980,1.08980,0.0005712199999999997
03.07.2023 11:38:00.000 GMT+0530,1.08981,1.08981,1.08958,1.08968,0.00051425
03.07.2023 11:39:00.000 GMT+0530,1.08965,1.08974,1.08963,1.08974,0.00038376999999999986
03.07.2023 11:40:00.000 GMT+0530,1.08975,1.08975,1.08953,1.08953,0.00033231
03.07.2023 11:41:00.000 GMT+0530,1.08954,1.08969,1.08939,1.08958,0.0002855600000000002
03.07.2023 11:42:00.000 GMT+0530,1.08958,1.08960,1.08930,1.08944,0.00028564000000000025
03.07.2023 11:43:00.000 GMT+0530,1.08944,1.08944,1.08930,1.08942,0.0003636500000000007
03.07.2023 11:44:00.000 GMT+0530,1.08942,1.08951,1.08939,1.08942,0.00015224000000000007
03.07.2023 11:45:00.000 GMT+0530,1.08941,1.08945,1.08900,1.08915,0.00034158999999999947
03.07.2023 11:46:00.000 GMT+0530,1.08915,1.08915,1.08904,1.08912,0.00024889000000000004
03.07.2023 11:47:00.000 GMT+0530,1.08911,1.08912,1.08888,1.08895,0.00028737999999999995
03.07.2023 11:48:00.000 GMT+0530,1.08895,1.08912,1.08890,1.08908,0.0004949199999999999
03.07.2023 11:49:00.000 GMT+0530,1.08908,1.08916,1.08896,1.08910,0.0004058
03.07.2023 11:50:00.000 GMT+0530,1.08909,1.08916,1.08895,1.08905,0.00041423999999999996
03.07.2023 11:51:00.000 GMT+0530,1.08906,1.08911,1.08889,1.08889,0.00030751
03.07.2023 11:52:00.000 GMT+0530,1.08890,1.08895,1.08882,1.08890,0.00022170000000000005
03.07.2023 11:53:00.000 GMT+0530,1.08890,1.08900,1.08889,1.08895,0.00039731999999999994
03.07.2023 11:54:00.000 GMT+0530,1.08893,1.08906,1.08891,1.08906,0.0001806999999999999
03.07.2023 11:55:00.000 GMT+0530,1.08905,1.08915,1.08905,1.08906,0.00031202000000000015
03.07.2023 11:56:00.000 GMT+0530,1.08906,1.08906,1.08890,1.08897,0.0003189900000000003
03.07.2023 11:57:00.000 GMT+0530,1.08897,1.08907,1.08894,1.08900,0.00019827999999999987
03.07.2023 11:58:00.000 GMT+0530,1.08900,1.08930,1.08899,1.08929,0.0002664299999999998
03.07.2023 11:59:00.000 GMT+0530,1.08929,1.08930,1.08914,1.08926,0.00038257999999999993
03.07.2023 12:00:00.000 GMT+0530,1.08926,1.08926,1.08906,1.08912,0.0003055099999999999
03.07.2023 12:01:00.000 GMT+0530,1.08910,1.08918,1.08902,1.08902,0.00019851999999999985
03.07.2023 12:02:00.000 GMT+0530,1.08902,1.08903,1.08891,1.08895,0.00022941000000000001
03.07.2023 12:03:00.000 GMT+0530,1.08895,1.08903,1.08885,1.08885,0.00033488000000000013
03.07.2023 12:04:00.000 GMT+0530,1.08887,1.08891,1.08883,1.08887,0.00015586999999999996
03.07.2023 12:05:00.000 GMT+0530,1.08890,1.08907,1.08889,1.08901,0.00025393999999999997
03.07.2023 12:06:00.000 GMT+0530,1.08901,1.08913,1.08894,1.08896,0.0003156099999999998
03.07.2023 12:07:00.000 GMT+0530,1.08896,1.08901,1.08886,1.08886,0.00019495000000000013
03.07.2023 12:08:00.000 GMT+0530,1.08887,1.08897,1.08882,1.08897,0.0002423399999999999
03.07.2023 12:09:00.000 GMT+0530,1.08896,1.08902,1.08885,1.08885,0.00019810999999999988
03.07.2023 12:10:00.000 GMT+0530,1.08886,1.08897,1.08884,1.08892,0.00014153999999999995
03.07.2023 12:11:00.000 GMT+0530,1.08894,1.08895,1.08881,1.08884,0.00016017999999999995
03.07.2023 12:12:00.000 GMT+0530,1.08884,1.08898,1.08882,1.08898,0.0002040499999999999
03.07.2023 12:13:00.000 GMT+0530,1.08898,1.08898,1.08882,1.08892,0.00020628999999999998
03.07.2023 12:14:00.000 GMT+0530,1.08892,1.08904,1.08892,1.08897,0.00023985000000000003
03.07.2023 12:15:00.000 GMT+0530,1.08898,1.08913,1.08898,1.08903,0.00020695999999999988
03.07.2023 12:16:00.000 GMT+0530,1.08902,1.08906,1.08897,1.08901,0.00024471000000000003
03.07.2023 12:17:00.000 GMT+0530,1.08901,1.08908,1.08898,1.08907,0.00024862000000000007
03.07.2023 12:18:00.000 GMT+0530,1.08907,1.08918,1.08907,1.08918,0.00023273000000000006
03.07.2023 12:19:00.000 GMT+0530,1.08918,1.08923,1.08912,1.08913,0.00025463000000000005
03.07.2023 12:20:00.000 GMT+0530,1.08915,1.08917,1.08912,1.08912,0.00034047000000000016
03.07.2023 12:21:00.000 GMT+0530,1.08912,1.08921,1.08901,1.08917,0.0002369499999999999
03.07.2023 12:22:00.000 GMT+0530,1.08917,1.08946,1.08917,1.08932,0.00027107999999999993
03.07.2023 12:23:00.000 GMT+0530,1.08932,1.08938,1.08921,1.08936,0.0002454399999999998
03.07.2023 12:24:00.000 GMT+0530,1.08936,1.08936,1.08925,1.08928,0.0002565
03.07.2023 12:25:00.000 GMT+0530,1.08928,1.08931,1.08920,1.08923,0.00032309999999999994
03.07.2023 12:26:00.000 GMT+0530,1.08922,1.08941,1.08922,1.08935,0.0002835200000000001
03.07.2023 12:27:00.000 GMT+0530,1.08935,1.08936,1.08920,1.08920,0.00025837
03.07.2023 12:28:00.000 GMT+0530,1.08920,1.08923,1.08896,1.08899,0.0005668299999999999
03.07.2023 12:29:00.000 GMT+0530,1.08900,1.08914,1.08897,1.08902,0.0006232399999999994
03.07.2023 12:30:00.000 GMT+0530,1.08900,1.08907,1.08860,1.08881,0.0008951699999999985
03.07.2023 12:31:00.000 GMT+0530,1.08882,1.08892,1.08875,1.08876,0.00040234999999999994
03.07.2023 12:32:00.000 GMT+0530,1.08875,1.08883,1.08856,1.08866,0.00048278
03.07.2023 12:33:00.000 GMT+0530,1.08866,1.08883,1.08860,1.08883,0.00035655999999999974
03.07.2023 12:34:00.000 GMT+0530,1.08883,1.08883,1.08873,1.08873,0.00020884999999999995
03.07.2023 12:35:00.000 GMT+0530,1.08872,1.08872,1.08836,1.08846,0.00035976000000000015
03.07.2023 12:36:00.000 GMT+0530,1.08847,1.08856,1.08837,1.08837,0.0003324700000000004
03.07.2023 12:37:00.000 GMT+0530,1.08840,1.08851,1.08836,1.08839,0.00024026
03.07.2023 12:38:00.000 GMT+0530,1.08840,1.08872,1.08840,1.08865,0.00032846000000000004
03.07.2023 12:39:00.000 GMT+0530,1.08865,1.08866,1.08855,1.08855,0.00032228
03.07.2023 12:40:00.000 GMT+0530,1.08855,1.08880,1.08855,1.08868,0.00031240999999999994
03.07.2023 12:41:00.000 GMT+0530,1.08866,1.08875,1.08852,1.08856,0.00032421
03.07.2023 12:42:00.000 GMT+0530,1.08856,1.08856,1.08826,1.08827,0.0006046499999999995
03.07.2023 12:43:00.000 GMT+0530,1.08825,1.08838,1.08822,1.08829,0.00040378999999999985
03.07.2023 12:44:00.000 GMT+0530,1.08830,1.08832,1.08815,1.08824,0.0004424099999999997
03.07.2023 12:45:00.000 GMT+0530,1.08824,1.08835,1.08803,1.08818,0.00044584000000000046
03.07.2023 12:46:00.000 GMT+0530,1.08818,1.08843,1.08814,1.08837,0.000644099999999999
03.07.2023 12:47:00.000 GMT+0530,1.08839,1.08846,1.08818,1.08818,0.0004428400000000001
03.07.2023 12:48:00.000 GMT+0530,1.08819,1.08826,1.08802,1.08808,0.0003859900000000002
03.07.2023 12:49:00.000 GMT+0530,1.08807,1.08824,1.08800,1.08822,0.00048390000000000027
03.07.2023 12:50:00.000 GMT+0530,1.08822,1.08828,1.08809,1.08809,0.0005604699999999998
03.07.2023 12:51:00.000 GMT+0530,1.08811,1.08825,1.08811,1.08816,0.000295
03.07.2023 12:52:00.000 GMT+0530,1.08818,1.08818,1.08796,1.08804,0.0003038499999999999
03.07.2023 12:53:00.000 GMT+0530,1.08807,1.08809,1.08803,1.08807,0.00025822999999999986
03.07.2023 12:54:00.000 GMT+0530,1.08807,1.08814,1.08795,1.08814,0.00023101999999999994
03.07.2023 12:55:00.000 GMT+0530,1.08815,1.08829,1.08799,1.08799,0.00040573000000000025
03.07.2023 12:56:00.000 GMT+0530,1.08799,1.08809,1.08789,1.08809,0.0003602900000000001
03.07.2023 12:57:00.000 GMT+0530,1.08808,1.08810,1.08798,1.08806,0.0002449399999999998
03.07.2023 12:58:00.000 GMT+0530,1.08807,1.08814,1.08792,1.08798,0.00025109000000000004
03.07.2023 12:59:00.000 GMT+0530,1.08797,1.08814,1.08797,1.08804,0.0001824399999999999
03.07.2023 13:00:00.000 GMT+0530,1.08804,1.08814,1.08796,1.08811,0.0003414700000000001
03.07.2023 13:01:00.000 GMT+0530,1.08812,1.08828,1.08810,1.08818,0.0004422599999999998
03.07.2023 13:02:00.000 GMT+0530,1.08817,1.08819,1.08801,1.08808,0.0004324699999999997
03.07.2023 13:03:00.000 GMT+0530,1.08807,1.08815,1.08802,1.08808,0.0003563299999999998
03.07.2023 13:04:00.000 GMT+0530,1.08807,1.08814,1.08796,1.08809,0.00045191999999999986
03.07.2023 13:05:00.000 GMT+0530,1.08807,1.08814,1.08801,1.08814,0.0004106300000000002
03.07.2023 13:06:00.000 GMT+0530,1.08814,1.08832,1.08812,1.08824,0.00032746
03.07.2023 13:07:00.000 GMT+0530,1.08827,1.08835,1.08801,1.08805,0.00027632000000000015
03.07.2023 13:08:00.000 GMT+0530,1.08805,1.08805,1.08789,1.08790,0.00021241999999999992
03.07.2023 13:09:00.000 GMT+0530,1.08789,1.08802,1.08788,1.08798,0.00025669
03.07.2023 13:10:00.000 GMT+0530,1.08797,1.08797,1.08778,1.08793,0.0005557799999999995
03.07.2023 13:11:00.000 GMT+0530,1.08793,1.08804,1.08787,1.08801,0.00041769000000000035
03.07.2023 13:12:00.000 GMT+0530,1.08802,1.08810,1.08788,1.08791,0.00026592
03.07.2023 13:13:00.000 GMT+0530,1.08793,1.08798,1.08779,1.08786,0.0005145299999999996
03.07.2023 13:14:00.000 GMT+0530,1.08786,1.08804,1.08783,1.08803,0.0004749099999999996
03.07.2023 13:15:00.000 GMT+0530,1.08802,1.08803,1.08770,1.08770,0.0005123599999999999
03.07.2023 13:16:00.000 GMT+0530,1.08771,1.08774,1.08750,1.08756,0.0004239499999999999
03.07.2023 13:17:00.000 GMT+0530,1.08756,1.08759,1.08746,1.08751,0.00032444000000000006
03.07.2023 13:18:00.000 GMT+0530,1.08752,1.08752,1.08720,1.08720,0.0004762899999999999
03.07.2023 13:19:00.000 GMT+0530,1.08720,1.08722,1.08713,1.08714,0.0005592499999999997
03.07.2023 13:20:00.000 GMT+0530,1.08718,1.08745,1.08718,1.08744,0.0003599199999999999
03.07.2023 13:21:00.000 GMT+0530,1.08742,1.08742,1.08722,1.08729,0.0002512399999999999
03.07.2023 13:22:00.000 GMT+0530,1.08727,1.08730,1.08718,1.08720,0.0003315399999999999
03.07.2023 13:23:00.000 GMT+0530,1.08719,1.08730,1.08718,1.08726,0.0004288400000000003
03.07.2023 13:24:00.000 GMT+0530,1.08724,1.08747,1.08719,1.08741,0.0003458699999999999
03.07.2023 13:25:00.000 GMT+0530,1.08742,1.08742,1.08702,1.08719,0.0004353800000000006
03.07.2023 13:26:00.000 GMT+0530,1.08720,1.08733,1.08720,1.08724,0.00024131
03.07.2023 13:27:00.000 GMT+0530,1.08724,1.08727,1.08712,1.08721,0.00015893999999999983
03.07.2023 13:28:00.000 GMT+0530,1.08722,1.08733,1.08721,1.08721,0.0002942500000000002
03.07.2023 13:29:00.000 GMT+0530,1.08722,1.08755,1.08722,1.08749,0.000526399999999999
03.07.2023 13:30:00.000 GMT+0530,1.08748,1.08751,1.08730,1.08743,0.0004305100000000002
03.07.2023 13:31:00.000 GMT+0530,1.08743,1.08770,1.08742,1.08761,0.00025923999999999983
03.07.2023 13:32:00.000 GMT+0530,1.08760,1.08777,1.08757,1.08767,0.00027417999999999984
03.07.2023 13:33:00.000 GMT+0530,1.08767,1.08768,1.08761,1.08766,0.00019875
03.07.2023 13:34:00.000 GMT+0530,1.08767,1.08783,1.08767,1.08780,0.00032702999999999975
03.07.2023 13:35:00.000 GMT+0530,1.08781,1.08795,1.08781,1.08786,0.00014914000000000005
03.07.2023 13:36:00.000 GMT+0530,1.08787,1.08794,1.08781,1.08781,0.0003478499999999999
03.07.2023 13:37:00.000 GMT+0530,1.08783,1.08785,1.08760,1.08761,0.0003902400000000001
03.07.2023 13:38:00.000 GMT+0530,1.08761,1.08771,1.08754,1.08771,0.0002564499999999999
03.07.2023 13:39:00.000 GMT+0530,1.08771,1.08781,1.08769,1.08776,0.0001379499999999999
03.07.2023 13:40:00.000 GMT+0530,1.08776,1.08784,1.08776,1.08784,0.00017409
03.07.2023 13:41:00.000 GMT+0530,1.08786,1.08810,1.08786,1.08810,0.00017748999999999985
03.07.2023 13:42:00.000 GMT+0530,1.08810,1.08831,1.08810,1.08831,0.00016983999999999985
03.07.2023 13:43:00.000 GMT+0530,1.08832,1.08846,1.08826,1.08838,0.00030158000000000013
03.07.2023 13:44:00.000 GMT+0530,1.08839,1.08846,1.08836,1.08843,0.00018992
03.07.2023 13:45:00.000 GMT+0530,1.08841,1.08867,1.08839,1.08844,0.0002807699999999998
03.07.2023 13:46:00.000 GMT+0530,1.08842,1.08853,1.08842,1.08851,0.00009988999999999987
03.07.2023 13:47:00.000 GMT+0530,1.08851,1.08851,1.08820,1.08826,0.00018862999999999993
03.07.2023 13:48:00.000 GMT+0530,1.08826,1.08829,1.08822,1.08822,0.00017939000000000008
03.07.2023 13:49:00.000 GMT+0530,1.08823,1.08831,1.08823,1.08823,0.00026992000000000004
03.07.2023 13:50:00.000 GMT+0530,1.08822,1.08841,1.08819,1.08834,0.0002738500000000001
03.07.2023 13:51:00.000 GMT+0530,1.08834,1.08839,1.08828,1.08835,0.00024615999999999993
03.07.2023 13:52:00.000 GMT+0530,1.08833,1.08848,1.08827,1.08847,0.00025623
03.07.2023 13:53:00.000 GMT+0530,1.08847,1.08858,1.08847,1.08849,0.00015337000000000003
03.07.2023 13:54:00.000 GMT+0530,1.08849,1.08849,1.08829,1.08836,0.00021648000000000001
03.07.2023 13:55:00.000 GMT+0530,1.08837,1.08844,1.08830,1.08838,0.00016599999999999997
03.07.2023 13:56:00.000 GMT+0530,1.08839,1.08849,1.08833,1.08834,0.00009923000000000002
03.07.2023 13:57:00.000 GMT+0530,1.08835,1.08852,1.08835,1.08848,0.0002702000000000001
03.07.2023 13:58:00.000 GMT+0530,1.08849,1.08873,1.08843,1.08870,0.0002843900000000001
03.07.2023 13:59:00.000 GMT+0530,1.08870,1.08881,1.08869,1.08875,0.00018343999999999994
03.07.2023 14:00:00.000 GMT+0530,1.08874,1.08879,1.08857,1.08860,0.00024756999999999996
03.07.2023 14:01:00.000 GMT+0530,1.08860,1.08864,1.08858,1.08863,0.00010155000000000003
03.07.2023 14:02:00.000 GMT+0530,1.08863,1.08875,1.08862,1.08875,0.00019911
03.07.2023 14:03:00.000 GMT+0530,1.08874,1.08874,1.08860,1.08864,0.00017396999999999994
03.07.2023 14:04:00.000 GMT+0530,1.08864,1.08885,1.08864,1.08870,0.0001659799999999999
03.07.2023 14:05:00.000 GMT+0530,1.08873,1.08878,1.08863,1.08864,0.00025446999999999986
03.07.2023 14:06:00.000 GMT+0530,1.08865,1.08873,1.08863,1.08872,0.00023464000000000002
03.07.2023 14:07:00.000 GMT+0530,1.08871,1.08890,1.08871,1.08879,0.00020219999999999993
03.07.2023 14:08:00.000 GMT+0530,1.08880,1.08884,1.08874,1.08876,0.00019377999999999998
03.07.2023 14:09:00.000 GMT+0530,1.08876,1.08886,1.08869,1.08875,0.00022309
03.07.2023 14:10:00.000 GMT+0530,1.08878,1.08880,1.08865,1.08870,0.00014331999999999995
03.07.2023 14:11:00.000 GMT+0530,1.08870,1.08876,1.08863,1.08864,0.00015498999999999998
03.07.2023 14:12:00.000 GMT+0530,1.08866,1.08874,1.08840,1.08845,0.00022792999999999994
03.07.2023 14:13:00.000 GMT+0530,1.08845,1.08854,1.08838,1.08854,0.00025579999999999993
03.07.2023 14:14:00.000 GMT+0530,1.08855,1.08869,1.08855,1.08867,0.00016166999999999993
03.07.2023 14:15:00.000 GMT+0530,1.08867,1.08887,1.08867,1.08886,0.00016331999999999987
03.07.2023 14:16:00.000 GMT+0530,1.08887,1.08890,1.08885,1.08889,0.00009177999999999998
03.07.2023 14:17:00.000 GMT+0530,1.08889,1.08889,1.08868,1.08868,0.00029395
03.07.2023 14:18:00.000 GMT+0530,1.08869,1.08878,1.08868,1.08878,0.00017188000000000007
03.07.2023 14:19:00.000 GMT+0530,1.08876,1.08878,1.08869,1.08878,0.00018455
03.07.2023 14:20:00.000 GMT+0530,1.08876,1.08878,1.08867,1.08869,0.00025534000000000006
03.07.2023 14:21:00.000 GMT+0530,1.08868,1.08868,1.08852,1.08858,0.00034194999999999994
03.07.2023 14:22:00.000 GMT+0530,1.08858,1.08868,1.08836,1.08839,0.00023140000000000007
03.07.2023 14:23:00.000 GMT+0530,1.08840,1.08863,1.08840,1.08861,0.00026060000000000005
03.07.2023 14:24:00.000 GMT+0530,1.08861,1.08863,1.08848,1.08849,0.00019522000000000005
03.07.2023 14:25:00.000 GMT+0530,1.08849,1.08857,1.08842,1.08856,0.0002635300000000002
03.07.2023 14:26:00.000 GMT+0530,1.08856,1.08861,1.08851,1.08852,0.00019845999999999989
03.07.2023 14:27:00.000 GMT+0530,1.08853,1.08863,1.08843,1.08860,0.00038754000000000067
03.07.2023 14:28:00.000 GMT+0530,1.08860,1.08866,1.08856,1.08857,0.0002944700000000005
03.07.2023 14:29:00.000 GMT+0530,1.08857,1.08876,1.08857,1.08862,0.00026886000000000005
03.07.2023 14:30:00.000 GMT+0530,1.08862,1.08874,1.08861,1.08869,0.00019402999999999993
03.07.2023 14:31:00.000 GMT+0530,1.08869,1.08882,1.08865,1.08881,0.0000888699999999999
03.07.2023 14:32:00.000 GMT+0530,1.08881,1.08890,1.08873,1.08875,0.00039662
03.07.2023 14:33:00.000 GMT+0530,1.08874,1.08905,1.08873,1.08905,0.0002999700000000003
03.07.2023 14:34:00.000 GMT+0530,1.08905,1.08909,1.08889,1.08908,0.0002691699999999998
03.07.2023 14:35:00.000 GMT+0530,1.08908,1.08908,1.08878,1.08879,0.00038188000000000013
03.07.2023 14:36:00.000 GMT+0530,1.08878,1.08892,1.08876,1.08890,0.00022935000000000007
03.07.2023 14:37:00.000 GMT+0530,1.08890,1.08894,1.08885,1.08889,0.00023836999999999998
03.07.2023 14:38:00.000 GMT+0530,1.08891,1.08897,1.08889,1.08889,0.00014218999999999994
03.07.2023 14:39:00.000 GMT+0530,1.08888,1.08890,1.08881,1.08890,0.00011326000000000001
03.07.2023 14:40:00.000 GMT+0530,1.08889,1.08913,1.08881,1.08903,0.00023393
03.07.2023 14:41:00.000 GMT+0530,1.08904,1.08904,1.08884,1.08894,0.00032953000000000035
03.07.2023 14:42:00.000 GMT+0530,1.08894,1.08899,1.08890,1.08894,0.0001003399999999999
03.07.2023 14:43:00.000 GMT+0530,1.08892,1.08897,1.08887,1.08887,0.0002887100000000002
03.07.2023 14:44:00.000 GMT+0530,1.08888,1.08889,1.08883,1.08888,0.00013836999999999996
03.07.2023 14:45:00.000 GMT+0530,1.08887,1.08898,1.08878,1.08897,0.00019312999999999996
03.07.2023 14:46:00.000 GMT+0530,1.08898,1.08904,1.08898,1.08898,0.00017544
03.07.2023 14:47:00.000 GMT+0530,1.08899,1.08899,1.08891,1.08892,0.00020873000000000015
03.07.2023 14:48:00.000 GMT+0530,1.08891,1.08895,1.08887,1.08888,0.00013837999999999993
03.07.2023 14:49:00.000 GMT+0530,1.08889,1.08897,1.08883,1.08895,0.00019169000000000008
03.07.2023 14:50:00.000 GMT+0530,1.08895,1.08895,1.08884,1.08886,0.00021196
03.07.2023 14:51:00.000 GMT+0530,1.08885,1.08893,1.08883,1.08893,0.00015707999999999995
03.07.2023 14:52:00.000 GMT+0530,1.08894,1.08895,1.08881,1.08884,0.00014272
03.07.2023 14:53:00.000 GMT+0530,1.08883,1.08901,1.08881,1.08895,0.00013576
03.07.2023 14:54:00.000 GMT+0530,1.08895,1.08900,1.08890,1.08898,0.0001953600000000001
03.07.2023 14:55:00.000 GMT+0530,1.08898,1.08898,1.08879,1.08890,0.00021374000000000002
03.07.2023 14:56:00.000 GMT+0530,1.08889,1.08892,1.08884,1.08886,0.00017596999999999998
03.07.2023 14:57:00.000 GMT+0530,1.08887,1.08894,1.08886,1.08893,0.00008549999999999999
03.07.2023 14:58:00.000 GMT+0530,1.08893,1.08901,1.08892,1.08893,0.00014332000000000003
03.07.2023 14:59:00.000 GMT+0530,1.08894,1.08894,1.08880,1.08880,0.00019208999999999999
03.07.2023 15:00:00.000 GMT+0530,1.08881,1.08886,1.08877,1.08885,0.00011640999999999987
03.07.2023 15:01:00.000 GMT+0530,1.08883,1.08883,1.08863,1.08863,0.00027566999999999983
03.07.2023 15:02:00.000 GMT+0530,1.08864,1.08864,1.08851,1.08860,0.00014281000000000002
03.07.2023 15:03:00.000 GMT+0530,1.08859,1.08878,1.08859,1.08868,0.00033092
03.07.2023 15:04:00.000 GMT+0530,1.08867,1.08869,1.08843,1.08853,0.0005446799999999993
03.07.2023 15:05:00.000 GMT+0530,1.08854,1.08859,1.08842,1.08847,0.0003111600000000001
03.07.2023 15:06:00.000 GMT+0530,1.08846,1.08848,1.08843,1.08843,0.00016963
03.07.2023 15:07:00.000 GMT+0530,1.08843,1.08843,1.08827,1.08833,0.00021727000000000012
03.07.2023 15:08:00.000 GMT+0530,1.08833,1.08840,1.08831,1.08831,0.0002560700000000001
03.07.2023 15:09:00.000 GMT+0530,1.08832,1.08833,1.08822,1.08832,0.00023242000000000014
03.07.2023 15:10:00.000 GMT+0530,1.08830,1.08830,1.08805,1.08809,0.0003190199999999999
03.07.2023 15:11:00.000 GMT+0530,1.08808,1.08814,1.08802,1.08804,0.00027809
03.07.2023 15:12:00.000 GMT+0530,1.08803,1.08804,1.08789,1.08792,0.00027974
03.07.2023 15:13:00.000 GMT+0530,1.08792,1.08793,1.08783,1.08792,0.0002588100000000001
03.07.2023 15:14:00.000 GMT+0530,1.08792,1.08792,1.08780,1.08783,0.0003105400000000002
03.07.2023 15:15:00.000 GMT+0530,1.08781,1.08781,1.08761,1.08767,0.00035140000000000003
03.07.2023 15:16:00.000 GMT+0530,1.08765,1.08788,1.08760,1.08780,0.0003147800000000002
03.07.2023 15:17:00.000 GMT+0530,1.08780,1.08801,1.08775,1.08796,0.0002479099999999998
03.07.2023 15:18:00.000 GMT+0530,1.08798,1.08830,1.08798,1.08830,0.00025784999999999984
03.07.2023 15:19:00.000 GMT+0530,1.08830,1.08837,1.08827,1.08837,0.00022271999999999982
03.07.2023 15:20:00.000 GMT+0530,1.08836,1.08842,1.08835,1.08837,0.0002111599999999999
03.07.2023 15:21:00.000 GMT+0530,1.08838,1.08860,1.08835,1.08860,0.0002836500000000001
03.07.2023 15:22:00.000 GMT+0530,1.08862,1.08881,1.08862,1.08876,0.00014804
03.07.2023 15:23:00.000 GMT+0530,1.08877,1.08884,1.08876,1.08882,0.00016957999999999996
03.07.2023 15:24:00.000 GMT+0530,1.08882,1.08887,1.08875,1.08881,0.0002805600000000001
03.07.2023 15:25:00.000 GMT+0530,1.08880,1.08892,1.08880,1.08880,0.00015319999999999993
03.07.2023 15:26:00.000 GMT+0530,1.08882,1.08917,1.08878,1.08900,0.00035918999999999985
03.07.2023 15:27:00.000 GMT+0530,1.08901,1.08906,1.08894,1.08896,0.00030036
03.07.2023 15:28:00.000 GMT+0530,1.08896,1.08911,1.08894,1.08895,0.0003341500000000002
03.07.2023 15:29:00.000 GMT+0530,1.08896,1.08902,1.08895,1.08900,0.0004467900000000001
03.07.2023 16:30:00.000 GMT+0530,1.08920,1.08920,1.08899,1.08900,0.00029325999999999983
03.07.2023 16:31:00.000 GMT+0530,1.08899,1.08904,1.08880,1.08883,0.00032042999999999997
03.07.2023 16:32:00.000 GMT+0530,1.08885,1.08886,1.08871,1.08879,0.0001332400000000001
03.07.2023 16:33:00.000 GMT+0530,1.08879,1.08901,1.08879,1.08900,0.00022548999999999993
03.07.2023 16:34:00.000 GMT+0530,1.08902,1.08911,1.08902,1.08909,0.00019754999999999998
03.07.2023 16:35:00.000 GMT+0530,1.08910,1.08920,1.08905,1.08920,0.00017391
03.07.2023 16:36:00.000 GMT+0530,1.08921,1.08949,1.08921,1.08947,0.00024671
03.07.2023 16:37:00.000 GMT+0530,1.08947,1.08986,1.08945,1.08980,0.0002994500000000003
03.07.2023 16:38:00.000 GMT+0530,1.08980,1.08990,1.08976,1.08985,0.00032674999999999995
03.07.2023 16:39:00.000 GMT+0530,1.08986,1.09006,1.08980,1.08994,0.00028539000000000044
03.07.2023 16:40:00.000 GMT+0530,1.08994,1.09011,1.08989,1.08996,0.00020104999999999976
03.07.2023 16:41:00.000 GMT+0530,1.09001,1.09002,1.08985,1.08996,0.00011698999999999996
03.07.2023 16:42:00.000 GMT+0530,1.08999,1.09012,1.08987,1.09012,0.00021176999999999972
03.07.2023 16:43:00.000 GMT+0530,1.09012,1.09012,1.09000,1.09001,0.00012644999999999982
03.07.2023 16:44:00.000 GMT+0530,1.09002,1.09035,1.09002,1.09031,0.00011971999999999992
03.07.2023 16:45:00.000 GMT+0530,1.09032,1.09037,1.09022,1.09037,0.00015701999999999988
03.07.2023 16:46:00.000 GMT+0530,1.09037,1.09040,1.09029,1.09029,0.00013841999999999986
03.07.2023 16:47:00.000 GMT+0530,1.09029,1.09036,1.09015,1.09031,0.00022662999999999977
03.07.2023 16:48:00.000 GMT+0530,1.09031,1.09047,1.09029,1.09034,0.00018013000000000005
03.07.2023 16:49:00.000 GMT+0530,1.09033,1.09033,1.09023,1.09024,0.00028360000000000033
03.07.2023 16:50:00.000 GMT+0530,1.09024,1.09033,1.09013,1.09014,0.00021220000000000004
03.07.2023 16:51:00.000 GMT+0530,1.09012,1.09012,1.08994,1.09004,0.0003032200000000001
03.07.2023 16:52:00.000 GMT+0530,1.09005,1.09018,1.09004,1.09009,0.00008023000000000001
03.07.2023 16:53:00.000 GMT+0530,1.09009,1.09009,1.08990,1.08993,0.00015862999999999994
03.07.2023 16:54:00.000 GMT+0530,1.08995,1.08995,1.08975,1.08992,0.00024276999999999995
03.07.2023 16:55:00.000 GMT+0530,1.08993,1.08995,1.08975,1.08975,0.00014900999999999993
03.07.2023 16:56:00.000 GMT+0530,1.08975,1.08981,1.08971,1.08981,0.00007523
03.07.2023 16:57:00.000 GMT+0530,1.08981,1.08981,1.08968,1.08968,0.00014989
03.07.2023 16:58:00.000 GMT+0530,1.08969,1.08973,1.08967,1.08970,0.00018183
03.07.2023 16:59:00.000 GMT+0530,1.08969,1.08969,1.08949,1.08949,0.00037303000000000005
03.07.2023 17:00:00.000 GMT+0530,1.08949,1.08959,1.08932,1.08955,0.00034245000000000076
03.07.2023 17:01:00.000 GMT+0530,1.08957,1.08966,1.08955,1.08961,0.00006456000000000005
03.07.2023 17:02:00.000 GMT+0530,1.08962,1.08964,1.08949,1.08956,0.00012484999999999994
03.07.2023 17:03:00.000 GMT+0530,1.08956,1.08957,1.08942,1.08950,0.00010762999999999992
03.07.2023 17:04:00.000 GMT+0530,1.08949,1.08962,1.08949,1.08955,0.00015381
03.07.2023 17:05:00.000 GMT+0530,1.08954,1.08966,1.08948,1.08966,0.00027433999999999987
03.07.2023 17:06:00.000 GMT+0530,1.08966,1.08975,1.08953,1.08974,0.00024794999999999955
03.07.2023 17:07:00.000 GMT+0530,1.08975,1.08984,1.08960,1.08960,0.0002906600000000001
03.07.2023 17:08:00.000 GMT+0530,1.08960,1.08965,1.08959,1.08962,0.00012373999999999987
03.07.2023 17:09:00.000 GMT+0530,1.08962,1.08966,1.08958,1.08958,0.00020700999999999977
03.07.2023 17:10:00.000 GMT+0530,1.08959,1.08964,1.08949,1.08964,0.00034703999999999996
03.07.2023 17:11:00.000 GMT+0530,1.08963,1.08986,1.08963,1.08986,0.00013049999999999984
03.07.2023 17:12:00.000 GMT+0530,1.08985,1.08986,1.08963,1.08963,0.00020065999999999994
03.07.2023 17:13:00.000 GMT+0530,1.08963,1.08965,1.08947,1.08953,0.00039201999999999976
03.07.2023 17:14:00.000 GMT+0530,1.08953,1.08975,1.08947,1.08973,0.00025195999999999986
03.07.2023 17:15:00.000 GMT+0530,1.08974,1.08975,1.08952,1.08952,0.0003717399999999999
03.07.2023 17:16:00.000 GMT+0530,1.08951,1.08953,1.08941,1.08953,0.0004927800000000004
03.07.2023 17:17:00.000 GMT+0530,1.08953,1.08953,1.08923,1.08932,0.0003457200000000002
03.07.2023 17:18:00.000 GMT+0530,1.08931,1.08952,1.08929,1.08941,0.00015053999999999998
03.07.2023 17:19:00.000 GMT+0530,1.08941,1.08974,1.08941,1.08974,0.00036941
03.07.2023 17:20:00.000 GMT+0530,1.08974,1.08980,1.08974,1.08975,0.00018702999999999998
03.07.2023 17:21:00.000 GMT+0530,1.08975,1.08987,1.08975,1.08979,0.00008732000000000002
03.07.2023 17:22:00.000 GMT+0530,1.08978,1.08993,1.08977,1.08992,0.00008931999999999987
03.07.2023 17:23:00.000 GMT+0530,1.08992,1.08996,1.08982,1.08982,0.00012877999999999992
03.07.2023 17:24:00.000 GMT+0530,1.08981,1.08982,1.08960,1.08960,0.00025306999999999993
03.07.2023 17:25:00.000 GMT+0530,1.08959,1.08991,1.08954,1.08984,0.0002148999999999998
03.07.2023 17:26:00.000 GMT+0530,1.08984,1.08991,1.08974,1.08979,0.0003705100000000006
03.07.2023 17:27:00.000 GMT+0530,1.08980,1.08984,1.08973,1.08982,0.00042541000000000025
03.07.2023 17:28:00.000 GMT+0530,1.08982,1.08993,1.08980,1.08990,0.00028751000000000004
03.07.2023 17:29:00.000 GMT+0530,1.08990,1.08994,1.08969,1.08991,0.0006023000000000003
03.07.2023 18:30:00.000 GMT+0530,1.09089,1.09109,1.09083,1.09108,0.00041620999999999987
03.07.2023 18:31:00.000 GMT+0530,1.09108,1.09113,1.09102,1.09108,0.0002911999999999997
03.07.2023 18:32:00.000 GMT+0530,1.09108,1.09109,1.09085,1.09093,0.00041165999999999957
03.07.2023 18:33:00.000 GMT+0530,1.09091,1.09091,1.09062,1.09067,0.0004277000000000003
03.07.2023 18:34:00.000 GMT+0530,1.09067,1.09081,1.09066,1.09068,0.0004992399999999995
03.07.2023 18:35:00.000 GMT+0530,1.09068,1.09071,1.09058,1.09062,0.00037464999999999986
03.07.2023 18:36:00.000 GMT+0530,1.09061,1.09063,1.09056,1.09058,0.00031251999999999994
03.07.2023 18:37:00.000 GMT+0530,1.09058,1.09060,1.09046,1.09053,0.00050576
03.07.2023 18:38:00.000 GMT+0530,1.09052,1.09053,1.09042,1.09051,0.00024677000000000005
03.07.2023 18:39:00.000 GMT+0530,1.09052,1.09058,1.09043,1.09058,0.0003586099999999999
03.07.2023 18:40:00.000 GMT+0530,1.09059,1.09062,1.09046,1.09047,0.0003387799999999999
03.07.2023 18:41:00.000 GMT+0530,1.09048,1.09062,1.09047,1.09061,0.00036198999999999997
03.07.2023 18:42:00.000 GMT+0530,1.09060,1.09084,1.09060,1.09082,0.0003099299999999999
03.07.2023 18:43:00.000 GMT+0530,1.09083,1.09096,1.09083,1.09094,0.0005035899999999995
03.07.2023 18:44:00.000 GMT+0530,1.09094,1.09095,1.09075,1.09076,0.00028105
03.07.2023 18:45:00.000 GMT+0530,1.09075,1.09081,1.09070,1.09072,0.00023037
03.07.2023 18:46:00.000 GMT+0530,1.09071,1.09107,1.09071,1.09102,0.0003577999999999999
03.07.2023 18:47:00.000 GMT+0530,1.09104,1.09125,1.09104,1.09116,0.00033767000000000004
03.07.2023 18:48:00.000 GMT+0530,1.09116,1.09116,1.09096,1.09106,0.00046874000000000015
03.07.2023 18:49:00.000 GMT+0530,1.09105,1.09115,1.09102,1.09110,0.0003601399999999999
03.07.2023 18:50:00.000 GMT+0530,1.09113,1.09118,1.09098,1.09110,0.00043083999999999966
03.07.2023 18:51:00.000 GMT+0530,1.09111,1.09113,1.09096,1.09101,0.0003749899999999999
03.07.2023 18:52:00.000 GMT+0530,1.09100,1.09121,1.09095,1.09120,0.0003775600000000001
03.07.2023 18:53:00.000 GMT+0530,1.09120,1.09129,1.09120,1.09122,0.00021647000000000016
03.07.2023 18:54:00.000 GMT+0530,1.09122,1.09133,1.09122,1.09133,0.00028451999999999997
03.07.2023 18:55:00.000 GMT+0530,1.09132,1.09134,1.09127,1.09132,0.0002902099999999999
03.07.2023 18:56:00.000 GMT+0530,1.09131,1.09149,1.09126,1.09142,0.0002858999999999999
03.07.2023 18:57:00.000 GMT+0530,1.09143,1.09144,1.09132,1.09141,0.00026817
03.07.2023 18:58:00.000 GMT+0530,1.09144,1.09147,1.09127,1.09131,0.00042664000000000005
03.07.2023 18:59:00.000 GMT+0530,1.09131,1.09135,1.09120,1.09135,0.0002816200000000003
03.07.2023 19:00:00.000 GMT+0530,1.09135,1.09141,1.09128,1.09140,0.00054194
03.07.2023 19:01:00.000 GMT+0530,1.09140,1.09145,1.09138,1.09139,0.0003225299999999999
03.07.2023 19:02:00.000 GMT+0530,1.09138,1.09151,1.09134,1.09150,0.0004832600000000001
03.07.2023 19:03:00.000 GMT+0530,1.09149,1.09168,1.09149,1.09161,0.00048552999999999964
03.07.2023 19:04:00.000 GMT+0530,1.09160,1.09163,1.09145,1.09146,0.00050262
03.07.2023 19:05:00.000 GMT+0530,1.09146,1.09146,1.09121,1.09126,0.00029265
03.07.2023 19:06:00.000 GMT+0530,1.09126,1.09126,1.09073,1.09096,0.0005738699999999992
03.07.2023 19:07:00.000 GMT+0530,1.09097,1.09097,1.09076,1.09087,0.0005138499999999998
03.07.2023 19:08:00.000 GMT+0530,1.09089,1.09110,1.09089,1.09106,0.0006468799999999989
03.07.2023 19:09:00.000 GMT+0530,1.09105,1.09120,1.09105,1.09117,0.00043281000000000043
03.07.2023 19:10:00.000 GMT+0530,1.09117,1.09120,1.09102,1.09108,0.00045486000000000094
03.07.2023 19:11:00.000 GMT+0530,1.09108,1.09108,1.09071,1.09073,0.00046971000000000014
03.07.2023 19:12:00.000 GMT+0530,1.09073,1.09102,1.09071,1.09102,0.00044439999999999985
03.07.2023 19:13:00.000 GMT+0530,1.09102,1.09114,1.09099,1.09101,0.00039404
03.07.2023 19:14:00.000 GMT+0530,1.09102,1.09121,1.09101,1.09118,0.0003607899999999998
03.07.2023 19:15:00.000 GMT+0530,1.09118,1.09197,1.09118,1.09187,0.0006032999999999988
03.07.2023 19:16:00.000 GMT+0530,1.09186,1.09204,1.09176,1.09176,0.0009534999999999986
03.07.2023 19:17:00.000 GMT+0530,1.09175,1.09197,1.09159,1.09159,0.0006807499999999993
03.07.2023 19:18:00.000 GMT+0530,1.09161,1.09173,1.09159,1.09161,0.0005948199999999995
03.07.2023 19:19:00.000 GMT+0530,1.09161,1.09171,1.09142,1.09163,0.0006289399999999992
03.07.2023 19:20:00.000 GMT+0530,1.09163,1.09174,1.09141,1.09147,0.0005808199999999997
03.07.2023 19:21:00.000 GMT+0530,1.09148,1.09166,1.09148,1.09153,0.0003527500000000001
03.07.2023 19:22:00.000 GMT+0530,1.09153,1.09163,1.09145,1.09163,0.00025150000000000004
03.07.2023 19:23:00.000 GMT+0530,1.09164,1.09172,1.09148,1.09148,0.00036807000000000007
03.07.2023 19:24:00.000 GMT+0530,1.09148,1.09157,1.09141,1.09149,0.00028613000000000027
03.07.2023 19:25:00.000 GMT+0530,1.09149,1.09155,1.09114,1.09122,0.0005057299999999996
03.07.2023 19:26:00.000 GMT+0530,1.09120,1.09132,1.09116,1.09124,0.0006575099999999982
03.07.2023 19:27:00.000 GMT+0530,1.09123,1.09134,1.09106,1.09132,0.000644449999999999
03.07.2023 19:28:00.000 GMT+0530,1.09132,1.09132,1.09110,1.09117,0.0004393000000000006
03.07.2023 19:29:00.000 GMT+0530,1.09118,1.09136,1.09111,1.09136,0.0005101400000000003